kind,target,best_score_over_all_probes
genuine,Testing__Digital_Persona__Live__002_0_4.png__c4149397__002_0_4.png,106.9918918491
genuine,Testing__Digital_Persona__Live__002_0_5.png__cfd2ca13__002_0_5.png,162.282665826
genuine,Testing__Digital_Persona__Live__002_0_6.png__1b6cb740__002_0_6.png,128.4032033429
genuine,Testing__Digital_Persona__Live__002_0_7.png__b6f3bf6b__002_0_7.png,93.4713807589
genuine,Testing__Digital_Persona__Live__002_0_8.png__3617a7bb__002_0_8.png,104.9508129324
genuine,Testing__Digital_Persona__Live__002_0_9.png__bf7ae42a__002_0_9.png,126.1758381697
genuine,Testing__Digital_Persona__Live__002_1_4.png__ff998cc4__002_1_4.png,99.0466598126
genuine,Testing__Digital_Persona__Live__002_1_5.png__b0ad3ecf__002_1_5.png,159.7772390121
genuine,Testing__Digital_Persona__Live__002_1_6.png__d8c27711__002_1_6.png,55.4605778052
genuine,Testing__Digital_Persona__Live__002_1_7.png__cac530d0__002_1_7.png,117.9384262701
genuine,Testing__Digital_Persona__Live__002_1_8.png__7db26507__002_1_8.png,44.7041847126
genuine,Testing__Digital_Persona__Live__002_1_9.png__64c9d6de__002_1_9.png,135.99176907
genuine,Testing__Digital_Persona__Live__002_2_4.png__acb90829__002_2_4.png,136.6503852151
genuine,Testing__Digital_Persona__Live__002_2_5.png__f04c7a78__002_2_5.png,156.3078208058
genuine,Testing__Digital_Persona__Live__002_2_6.png__9115c8e2__002_2_6.png,85.4896820871
genuine,Testing__Digital_Persona__Live__002_2_7.png__1d246f27__002_2_7.png,110.3885521013
genuine,Testing__Digital_Persona__Live__002_2_8.png__a43b1087__002_2_8.png,134.27628657
genuine,Testing__Digital_Persona__Live__002_2_9.png__55b99f3e__002_2_9.png,171.0485404849
genuine,Testing__Digital_Persona__Live__002_3_4.png__c24734c5__002_3_4.png,104.4381577403
genuine,Testing__Digital_Persona__Live__002_3_5.png__99c52b0f__002_3_5.png,126.9683787129
genuine,Testing__Digital_Persona__Live__002_3_6.png__0baf6729__002_3_6.png,83.6266714153
genuine,Testing__Digital_Persona__Live__002_3_7.png__76ea740d__002_3_7.png,93.6155243163
genuine,Testing__Digital_Persona__Live__002_3_8.png__32e54f6c__002_3_8.png,155.4541542692
genuine,Testing__Digital_Persona__Live__002_3_9.png__9fb32dce__002_3_9.png,103.5094181615
genuine,Testing__Digital_Persona__Live__002_4_4.png__af39cf19__002_4_4.png,162.8904585438
genuine,Testing__Digital_Persona__Live__002_4_5.png__31b4f516__002_4_5.png,149.1059374775
genuine,Testing__Digital_Persona__Live__002_4_6.png__2eacde13__002_4_6.png,53.6856623106
genuine,Testing__Digital_Persona__Live__002_4_7.png__9454ee5d__002_4_7.png,51.2438889006
genuine,Testing__Digital_Persona__Live__002_4_8.png__d3bc4802__002_4_8.png,91.3605439333
genuine,Testing__Digital_Persona__Live__002_4_9.png__5665833c__002_4_9.png,146.7832433038
genuine,Testing__Digital_Persona__Live__002_5_4.png__030ebaeb__002_5_4.png,105.081379708
genuine,Testing__Digital_Persona__Live__002_5_5.png__22cc52e9__002_5_5.png,128.4635783045
genuine,Testing__Digital_Persona__Live__002_5_6.png__d5153909__002_5_6.png,99.5524014007
genuine,Testing__Digital_Persona__Live__002_5_7.png__d82cb1fb__002_5_7.png,117.1306364386
genuine,Testing__Digital_Persona__Live__002_5_8.png__ee04d50b__002_5_8.png,88.4783987662
genuine,Testing__Digital_Persona__Live__002_5_9.png__93014798__002_5_9.png,153.4937577585
genuine,Testing__Digital_Persona__Live__002_6_4.png__88ef4d5b__002_6_4.png,162.4280790605
genuine,Testing__Digital_Persona__Live__002_6_5.png__05619d8f__002_6_5.png,191.4174835831
genuine,Testing__Digital_Persona__Live__002_6_6.png__ca0903f1__002_6_6.png,146.5280670996
genuine,Testing__Digital_Persona__Live__002_6_7.png__95d470ec__002_6_7.png,149.7606461836
genuine,Testing__Digital_Persona__Live__002_6_8.png__5e4d4a4a__002_6_8.png,196.6825502489
genuine,Testing__Digital_Persona__Live__002_6_9.png__4d2aa895__002_6_9.png,200.7653269058
genuine,Testing__Digital_Persona__Live__002_7_4.png__f28b4f2a__002_7_4.png,112.8082592829
genuine,Testing__Digital_Persona__Live__002_7_5.png__fc12c221__002_7_5.png,149.716513757
genuine,Testing__Digital_Persona__Live__002_7_6.png__010f6a8b__002_7_6.png,143.199672996
genuine,Testing__Digital_Persona__Live__002_7_7.png__be94536e__002_7_7.png,145.1596372514
genuine,Testing__Digital_Persona__Live__002_7_8.png__bcdbdeaf__002_7_8.png,100.5306434558
genuine,Testing__Digital_Persona__Live__002_7_9.png__b9e774b6__002_7_9.png,151.5155331286
genuine,Testing__Digital_Persona__Live__002_8_4.png__c3ee241a__002_8_4.png,166.8400005143
genuine,Testing__Digital_Persona__Live__002_8_5.png__b54ff55d__002_8_5.png,171.399806473
genuine,Testing__Digital_Persona__Live__002_8_6.png__0a732181__002_8_6.png,155.4035672389
genuine,Testing__Digital_Persona__Live__002_8_7.png__a2321fb6__002_8_7.png,77.6964176067
genuine,Testing__Digital_Persona__Live__002_8_8.png__59fb6d2c__002_8_8.png,199.7165037512
genuine,Testing__Digital_Persona__Live__002_8_9.png__b0558db4__002_8_9.png,177.8007646514
genuine,Testing__Digital_Persona__Live__002_9_4.png__9295c44c__002_9_4.png,100.9819110694
genuine,Testing__Digital_Persona__Live__002_9_5.png__beeffe44__002_9_5.png,75.9512261682
genuine,Testing__Digital_Persona__Live__002_9_6.png__067e3a69__002_9_6.png,159.6990559093
genuine,Testing__Digital_Persona__Live__002_9_7.png__e2021d8b__002_9_7.png,100.6247511377
genuine,Testing__Digital_Persona__Live__002_9_8.png__eeee334b__002_9_8.png,163.0689055551
genuine,Testing__Digital_Persona__Live__002_9_9.png__57bc617e__002_9_9.png,151.6985511206
genuine,Testing__Digital_Persona__Live__003_0_4.png__fca16bdc__003_0_4.png,114.4455771854
genuine,Testing__Digital_Persona__Live__003_0_5.png__dca7a112__003_0_5.png,151.0799527077
genuine,Testing__Digital_Persona__Live__003_0_6.png__46bed8dd__003_0_6.png,32.214184523
genuine,Testing__Digital_Persona__Live__003_0_7.png__37f8f69b__003_0_7.png,163.2745455919
genuine,Testing__Digital_Persona__Live__003_0_8.png__e8d34b32__003_0_8.png,89.4858098294
genuine,Testing__Digital_Persona__Live__003_0_9.png__9b7cd85e__003_0_9.png,124.2296161255
genuine,Testing__Digital_Persona__Live__003_1_4.png__b5f42a19__003_1_4.png,87.6920088857
genuine,Testing__Digital_Persona__Live__003_1_5.png__9391d342__003_1_5.png,76.5135555143
genuine,Testing__Digital_Persona__Live__003_1_6.png__889dfc2e__003_1_6.png,23.7387348525
genuine,Testing__Digital_Persona__Live__003_1_7.png__fb30f488__003_1_7.png,60.8301621638
genuine,Testing__Digital_Persona__Live__003_1_8.png__1c166665__003_1_8.png,45.6969495005
genuine,Testing__Digital_Persona__Live__003_1_9.png__f80457de__003_1_9.png,76.9639623289
genuine,Testing__Digital_Persona__Live__003_2_4.png__d861f40a__003_2_4.png,77.1743571293
genuine,Testing__Digital_Persona__Live__003_2_5.png__b7717b2a__003_2_5.png,63.7162068914
genuine,Testing__Digital_Persona__Live__003_2_6.png__15aa2793__003_2_6.png,69.0711266046
genuine,Testing__Digital_Persona__Live__003_2_7.png__0d4a067d__003_2_7.png,41.0467612854
genuine,Testing__Digital_Persona__Live__003_2_8.png__9fb3bb78__003_2_8.png,41.8404981281
genuine,Testing__Digital_Persona__Live__003_2_9.png__3b8c50a7__003_2_9.png,57.7081777026
genuine,Testing__Digital_Persona__Live__003_3_4.png__4c1fbefc__003_3_4.png,64.5694341422
genuine,Testing__Digital_Persona__Live__003_3_5.png__7af7342e__003_3_5.png,43.4041088307
genuine,Testing__Digital_Persona__Live__003_3_6.png__fb86ff15__003_3_6.png,24.9298047956
genuine,Testing__Digital_Persona__Live__003_3_7.png__99a2efe5__003_3_7.png,85.4871469166
genuine,Testing__Digital_Persona__Live__003_3_8.png__6978133a__003_3_8.png,82.5211080408
genuine,Testing__Digital_Persona__Live__003_3_9.png__b4cda34d__003_3_9.png,77.1690936488
genuine,Testing__Digital_Persona__Live__003_4_4.png__d40ebecf__003_4_4.png,5.591529827
genuine,Testing__Digital_Persona__Live__003_4_5.png__a1bc767c__003_4_5.png,48.7777494473
genuine,Testing__Digital_Persona__Live__003_4_6.png__8858b1e6__003_4_6.png,4.7427273096
genuine,Testing__Digital_Persona__Live__003_4_7.png__586a1b67__003_4_7.png,68.0925524829
genuine,Testing__Digital_Persona__Live__003_4_8.png__61b1c9b5__003_4_8.png,34.3365610324
genuine,Testing__Digital_Persona__Live__003_4_9.png__2accfc40__003_4_9.png,38.6041795669
genuine,Testing__Digital_Persona__Live__003_5_4.png__8b7d253f__003_5_4.png,102.6362660318
genuine,Testing__Digital_Persona__Live__003_5_5.png__edca5eca__003_5_5.png,77.1717719246
genuine,Testing__Digital_Persona__Live__003_5_6.png__8620c485__003_5_6.png,14.4676372408
genuine,Testing__Digital_Persona__Live__003_5_7.png__83fff7e7__003_5_7.png,208.2424053987
genuine,Testing__Digital_Persona__Live__003_5_8.png__44e77f0e__003_5_8.png,79.5980495898
genuine,Testing__Digital_Persona__Live__003_5_9.png__5b501061__003_5_9.png,57.8978863909
genuine,Testing__Digital_Persona__Live__003_6_4.png__43eae618__003_6_4.png,68.619851737
genuine,Testing__Digital_Persona__Live__003_6_5.png__7a87496c__003_6_5.png,54.3299191597
genuine,Testing__Digital_Persona__Live__003_6_6.png__04a65c56__003_6_6.png,34.6232105328
genuine,Testing__Digital_Persona__Live__003_6_7.png__adfc8461__003_6_7.png,74.8154591568
genuine,Testing__Digital_Persona__Live__003_6_8.png__c3e6f258__003_6_8.png,84.3834257882
genuine,Testing__Digital_Persona__Live__003_6_9.png__cf5f19e7__003_6_9.png,79.0592491927
genuine,Testing__Digital_Persona__Live__003_7_4.png__0af68010__003_7_4.png,58.9725898899
genuine,Testing__Digital_Persona__Live__003_7_5.png__a4e3a376__003_7_5.png,82.1303361148
genuine,Testing__Digital_Persona__Live__003_7_6.png__49c1e48f__003_7_6.png,37.9849703592
genuine,Testing__Digital_Persona__Live__003_7_7.png__264dfb26__003_7_7.png,65.5390127343
genuine,Testing__Digital_Persona__Live__003_7_8.png__1d28e2ee__003_7_8.png,32.191109659
genuine,Testing__Digital_Persona__Live__003_7_9.png__813c09b8__003_7_9.png,32.6993519716
genuine,Testing__Digital_Persona__Live__003_8_4.png__382763c7__003_8_4.png,84.7170045482
genuine,Testing__Digital_Persona__Live__003_8_5.png__ecaff6b1__003_8_5.png,60.2267836819
genuine,Testing__Digital_Persona__Live__003_8_6.png__3824d78d__003_8_6.png,10.721363168
genuine,Testing__Digital_Persona__Live__003_8_7.png__75025f75__003_8_7.png,37.7793518069
genuine,Testing__Digital_Persona__Live__003_8_8.png__5d8b3a30__003_8_8.png,40.8900806787
genuine,Testing__Digital_Persona__Live__003_8_9.png__f9b9c394__003_8_9.png,44.1796794501
genuine,Testing__Digital_Persona__Live__003_9_4.png__4ba8c231__003_9_4.png,51.6801638464
genuine,Testing__Digital_Persona__Live__003_9_5.png__3dcb890e__003_9_5.png,12.8617831792
genuine,Testing__Digital_Persona__Live__003_9_6.png__1662d8fc__003_9_6.png,8.6603403542
genuine,Testing__Digital_Persona__Live__003_9_7.png__7f3cc38c__003_9_7.png,44.9881696066
genuine,Testing__Digital_Persona__Live__003_9_8.png__ea110835__003_9_8.png,28.2239782192
genuine,Testing__Digital_Persona__Live__003_9_9.png__dda29730__003_9_9.png,39.0485317687
genuine,Testing__Digital_Persona__Live__005_0_4.png__72bddab4__005_0_4.png,144.1419792384
genuine,Testing__Digital_Persona__Live__005_0_5.png__b153d589__005_0_5.png,101.6868722352
genuine,Testing__Digital_Persona__Live__005_0_6.png__47f6548e__005_0_6.png,85.6395892995
genuine,Testing__Digital_Persona__Live__005_0_7.png__e0145889__005_0_7.png,107.3181174267
genuine,Testing__Digital_Persona__Live__005_0_8.png__243c56f2__005_0_8.png,133.8249340579
genuine,Testing__Digital_Persona__Live__005_0_9.png__55954d04__005_0_9.png,177.9399690189
genuine,Testing__Digital_Persona__Live__005_1_4.png__21443c47__005_1_4.png,104.1806116852
genuine,Testing__Digital_Persona__Live__005_1_5.png__9f849090__005_1_5.png,77.4924651152
genuine,Testing__Digital_Persona__Live__005_1_6.png__432a4269__005_1_6.png,5.5678151063
genuine,Testing__Digital_Persona__Live__005_1_7.png__fba37e62__005_1_7.png,110.5298121809
genuine,Testing__Digital_Persona__Live__005_1_8.png__78d1869b__005_1_8.png,82.8141095716
genuine,Testing__Digital_Persona__Live__005_1_9.png__25eb3144__005_1_9.png,60.9646565862
genuine,Testing__Digital_Persona__Live__005_2_4.png__5d43435f__005_2_4.png,125.0697341328
genuine,Testing__Digital_Persona__Live__005_2_5.png__ddf61ff0__005_2_5.png,132.1599743192
genuine,Testing__Digital_Persona__Live__005_2_6.png__a8388021__005_2_6.png,76.6417674028
genuine,Testing__Digital_Persona__Live__005_2_7.png__0445be05__005_2_7.png,37.6076795411
genuine,Testing__Digital_Persona__Live__005_2_8.png__e4434555__005_2_8.png,106.7813735371
genuine,Testing__Digital_Persona__Live__005_2_9.png__548e0a0e__005_2_9.png,45.6374374993
genuine,Testing__Digital_Persona__Live__005_3_4.png__e49fe619__005_3_4.png,17.386493171
genuine,Testing__Digital_Persona__Live__005_3_5.png__86eb3c78__005_3_5.png,47.9318219128
genuine,Testing__Digital_Persona__Live__005_3_6.png__5a79bb2a__005_3_6.png,37.3056254377
genuine,Testing__Digital_Persona__Live__005_3_7.png__5ffd289b__005_3_7.png,43.8950010091
genuine,Testing__Digital_Persona__Live__005_3_8.png__413533ae__005_3_8.png,34.2359370361
genuine,Testing__Digital_Persona__Live__005_3_9.png__a38719d1__005_3_9.png,39.5568658231
genuine,Testing__Digital_Persona__Live__005_4_4.png__b9759785__005_4_4.png,25.7246716793
genuine,Testing__Digital_Persona__Live__005_4_5.png__1cf76385__005_4_5.png,63.9233876202
genuine,Testing__Digital_Persona__Live__005_4_6.png__99a61ec1__005_4_6.png,65.9677378299
genuine,Testing__Digital_Persona__Live__005_4_7.png__20cb51fb__005_4_7.png,33.5111507019
genuine,Testing__Digital_Persona__Live__005_4_8.png__891964b7__005_4_8.png,53.1618374591
genuine,Testing__Digital_Persona__Live__005_4_9.png__03dd2def__005_4_9.png,78.3433139295
genuine,Testing__Digital_Persona__Live__005_5_4.png__00e3f9ec__005_5_4.png,132.7169113663
genuine,Testing__Digital_Persona__Live__005_5_5.png__9d8e49d5__005_5_5.png,101.2979756555
genuine,Testing__Digital_Persona__Live__005_5_6.png__b6d0e28d__005_5_6.png,84.5024618154
genuine,Testing__Digital_Persona__Live__005_5_7.png__2f691ab0__005_5_7.png,104.526667445
genuine,Testing__Digital_Persona__Live__005_5_8.png__0b898354__005_5_8.png,123.6179202918
genuine,Testing__Digital_Persona__Live__005_5_9.png__6a2a524a__005_5_9.png,152.3631856641
genuine,Testing__Digital_Persona__Live__005_6_4.png__5cac0c60__005_6_4.png,109.6459700601
genuine,Testing__Digital_Persona__Live__005_6_5.png__b7c2fde1__005_6_5.png,93.1873717102
genuine,Testing__Digital_Persona__Live__005_6_6.png__3ec18e53__005_6_6.png,4.0361423197
genuine,Testing__Digital_Persona__Live__005_6_7.png__5e7e97d8__005_6_7.png,159.8631607665
genuine,Testing__Digital_Persona__Live__005_6_8.png__b19bd0a8__005_6_8.png,114.9817589251
genuine,Testing__Digital_Persona__Live__005_6_9.png__20020e28__005_6_9.png,122.1919410099
genuine,Testing__Digital_Persona__Live__005_7_4.png__9ebaa96a__005_7_4.png,105.4376151697
genuine,Testing__Digital_Persona__Live__005_7_5.png__3ad6c013__005_7_5.png,66.4388664413
genuine,Testing__Digital_Persona__Live__005_7_6.png__606e35bf__005_7_6.png,63.2718211239
genuine,Testing__Digital_Persona__Live__005_7_7.png__d8d6d724__005_7_7.png,118.398444759
genuine,Testing__Digital_Persona__Live__005_7_8.png__ef2ec183__005_7_8.png,17.0274937733
genuine,Testing__Digital_Persona__Live__005_7_9.png__e58fba88__005_7_9.png,49.5538949746
genuine,Testing__Digital_Persona__Live__005_8_4.png__18ae4be9__005_8_4.png,24.8673718657
genuine,Testing__Digital_Persona__Live__005_8_5.png__2560c98d__005_8_5.png,17.2147140419
genuine,Testing__Digital_Persona__Live__005_8_6.png__a4eff83c__005_8_6.png,10.6336414808
genuine,Testing__Digital_Persona__Live__005_8_7.png__50845079__005_8_7.png,18.234249762
genuine,Testing__Digital_Persona__Live__005_8_8.png__c4764b1a__005_8_8.png,9.1665371742
genuine,Testing__Digital_Persona__Live__005_8_9.png__fbc737f3__005_8_9.png,26.4190625736
genuine,Testing__Digital_Persona__Live__005_9_4.png__d99aa0fb__005_9_4.png,11.7725832694
genuine,Testing__Digital_Persona__Live__005_9_5.png__49e3f723__005_9_5.png,10.0301943391
genuine,Testing__Digital_Persona__Live__005_9_6.png__57205bf5__005_9_6.png,21.7923981858
genuine,Testing__Digital_Persona__Live__005_9_7.png__d59b6e80__005_9_7.png,30.1608041325
genuine,Testing__Digital_Persona__Live__005_9_8.png__e7be9cf2__005_9_8.png,20.3400870398
genuine,Testing__Digital_Persona__Live__005_9_9.png__07b05eee__005_9_9.png,27.1621324106
genuine,Testing__Digital_Persona__Live__008_0_4.png__5893713e__008_0_4.png,141.8541093585
genuine,Testing__Digital_Persona__Live__008_0_5.png__bb1939ce__008_0_5.png,179.1563832998
genuine,Testing__Digital_Persona__Live__008_0_6.png__4de7d645__008_0_6.png,53.8313350535
genuine,Testing__Digital_Persona__Live__008_0_7.png__c53b7e9e__008_0_7.png,141.6391405222
genuine,Testing__Digital_Persona__Live__008_0_8.png__4f76b71b__008_0_8.png,75.5783776032
genuine,Testing__Digital_Persona__Live__008_0_9.png__042c08d5__008_0_9.png,63.2067445027
genuine,Testing__Digital_Persona__Live__008_1_4.png__bc21ba2b__008_1_4.png,154.2416530026
genuine,Testing__Digital_Persona__Live__008_1_5.png__75c1cb7d__008_1_5.png,93.9959845352
genuine,Testing__Digital_Persona__Live__008_1_6.png__b4bf5a55__008_1_6.png,77.9596643207
genuine,Testing__Digital_Persona__Live__008_1_7.png__6ebef5f0__008_1_7.png,124.6760124006
genuine,Testing__Digital_Persona__Live__008_1_8.png__c1715537__008_1_8.png,69.8736563818
genuine,Testing__Digital_Persona__Live__008_1_9.png__c7f6936e__008_1_9.png,86.2960132758
genuine,Testing__Digital_Persona__Live__008_2_4.png__dc9d3475__008_2_4.png,100.2816919952
genuine,Testing__Digital_Persona__Live__008_2_5.png__9e4245c4__008_2_5.png,129.2238785648
genuine,Testing__Digital_Persona__Live__008_2_6.png__4bd6146e__008_2_6.png,73.4998975874
genuine,Testing__Digital_Persona__Live__008_2_7.png__cd3846ac__008_2_7.png,86.8515836519
genuine,Testing__Digital_Persona__Live__008_2_8.png__3dbe8933__008_2_8.png,88.206373861
genuine,Testing__Digital_Persona__Live__008_2_9.png__4b2b46eb__008_2_9.png,72.7634701867
genuine,Testing__Digital_Persona__Live__008_3_4.png__ef3a6c9d__008_3_4.png,55.9090767308
genuine,Testing__Digital_Persona__Live__008_3_5.png__598d2ba5__008_3_5.png,50.4139722069
genuine,Testing__Digital_Persona__Live__008_3_6.png__a9b93cd7__008_3_6.png,68.5284869024
genuine,Testing__Digital_Persona__Live__008_3_7.png__6185f070__008_3_7.png,58.6175998288
genuine,Testing__Digital_Persona__Live__008_3_8.png__aaecb37b__008_3_8.png,27.1989013219
genuine,Testing__Digital_Persona__Live__008_3_9.png__5eee79d2__008_3_9.png,50.8905580431
genuine,Testing__Digital_Persona__Live__008_4_4.png__0f8d1556__008_4_4.png,69.5995080492
genuine,Testing__Digital_Persona__Live__008_4_5.png__09a9858e__008_4_5.png,58.7535153149
genuine,Testing__Digital_Persona__Live__008_4_6.png__b42e7926__008_4_6.png,49.9132239889
genuine,Testing__Digital_Persona__Live__008_4_7.png__5e5e457d__008_4_7.png,63.4816423169
genuine,Testing__Digital_Persona__Live__008_4_8.png__ea53034f__008_4_8.png,63.1328871436
genuine,Testing__Digital_Persona__Live__008_4_9.png__540b6cdf__008_4_9.png,68.0838068096
genuine,Testing__Digital_Persona__Live__008_5_4.png__dfca8ba2__008_5_4.png,154.411332802
genuine,Testing__Digital_Persona__Live__008_5_5.png__597f08c7__008_5_5.png,144.8045070533
genuine,Testing__Digital_Persona__Live__008_5_6.png__9e87b3f6__008_5_6.png,46.1907507041
genuine,Testing__Digital_Persona__Live__008_5_7.png__a012dfbf__008_5_7.png,91.7800247015
genuine,Testing__Digital_Persona__Live__008_5_8.png__24a55a28__008_5_8.png,94.272755678
genuine,Testing__Digital_Persona__Live__008_5_9.png__1f03f306__008_5_9.png,124.3152503027
genuine,Testing__Digital_Persona__Live__008_6_4.png__84c53a36__008_6_4.png,131.8493801433
genuine,Testing__Digital_Persona__Live__008_6_5.png__1f0c85f4__008_6_5.png,116.7739652579
genuine,Testing__Digital_Persona__Live__008_6_6.png__6ef4fcc9__008_6_6.png,46.4254070274
genuine,Testing__Digital_Persona__Live__008_6_7.png__860317a8__008_6_7.png,89.3869998895
genuine,Testing__Digital_Persona__Live__008_6_8.png__723e8309__008_6_8.png,109.0442293584
genuine,Testing__Digital_Persona__Live__008_6_9.png__db1ba082__008_6_9.png,125.0221043901
genuine,Testing__Digital_Persona__Live__008_7_4.png__7c214878__008_7_4.png,71.491092186
genuine,Testing__Digital_Persona__Live__008_7_5.png__9bba533b__008_7_5.png,21.8803109885
genuine,Testing__Digital_Persona__Live__008_7_6.png__6951b190__008_7_6.png,7.7582406163
genuine,Testing__Digital_Persona__Live__008_7_7.png__00ba0dc0__008_7_7.png,53.5278637022
genuine,Testing__Digital_Persona__Live__008_7_8.png__d35d566f__008_7_8.png,28.3013158458
genuine,Testing__Digital_Persona__Live__008_7_9.png__85ef108d__008_7_9.png,29.9793185176
genuine,Testing__Digital_Persona__Live__008_8_4.png__07e1ba06__008_8_4.png,33.1821255596
genuine,Testing__Digital_Persona__Live__008_8_5.png__c9db830a__008_8_5.png,73.8350763664
genuine,Testing__Digital_Persona__Live__008_8_6.png__2a2457e2__008_8_6.png,17.142434142
genuine,Testing__Digital_Persona__Live__008_8_7.png__5c7e4ede__008_8_7.png,55.0289017774
genuine,Testing__Digital_Persona__Live__008_8_8.png__bb74d5d8__008_8_8.png,34.0099261869
genuine,Testing__Digital_Persona__Live__008_8_9.png__f5b7606c__008_8_9.png,28.9872795276
genuine,Testing__Digital_Persona__Live__008_9_4.png__9a7caf2a__008_9_4.png,27.1932734047
genuine,Testing__Digital_Persona__Live__008_9_5.png__bc196728__008_9_5.png,55.826857803
genuine,Testing__Digital_Persona__Live__008_9_6.png__53564eb4__008_9_6.png,3.5395235919
genuine,Testing__Digital_Persona__Live__008_9_7.png__d22d12a4__008_9_7.png,44.6186377455
genuine,Testing__Digital_Persona__Live__008_9_8.png__6c0b1816__008_9_8.png,24.2770067271
genuine,Testing__Digital_Persona__Live__008_9_9.png__a8848299__008_9_9.png,46.3576411716
genuine,Testing__Digital_Persona__Live__010_0_4.png__dce14b4b__010_0_4.png,112.4375132755
genuine,Testing__Digital_Persona__Live__010_0_5.png__ee9b1a03__010_0_5.png,93.7042658473
genuine,Testing__Digital_Persona__Live__010_0_6.png__7f291b8a__010_0_6.png,52.426932215
genuine,Testing__Digital_Persona__Live__010_0_7.png__eba5067e__010_0_7.png,159.2002987756
genuine,Testing__Digital_Persona__Live__010_0_8.png__9d7b43df__010_0_8.png,77.2077148734
genuine,Testing__Digital_Persona__Live__010_0_9.png__ee64b01e__010_0_9.png,143.8225510427
genuine,Testing__Digital_Persona__Live__010_1_4.png__f71a79c5__010_1_4.png,122.0014799517
genuine,Testing__Digital_Persona__Live__010_1_5.png__a5ab2507__010_1_5.png,110.3441290397
genuine,Testing__Digital_Persona__Live__010_1_6.png__6630d9ad__010_1_6.png,28.0814976378
genuine,Testing__Digital_Persona__Live__010_1_7.png__f516ee37__010_1_7.png,108.9812921489
genuine,Testing__Digital_Persona__Live__010_1_8.png__c693a9a3__010_1_8.png,84.1809489957
genuine,Testing__Digital_Persona__Live__010_1_9.png__aeb05b4a__010_1_9.png,140.6280004413
genuine,Testing__Digital_Persona__Live__010_2_4.png__25a7c638__010_2_4.png,139.7701937933
genuine,Testing__Digital_Persona__Live__010_2_5.png__f3d06964__010_2_5.png,72.4381950873
genuine,Testing__Digital_Persona__Live__010_2_6.png__72fc6559__010_2_6.png,65.2916680812
genuine,Testing__Digital_Persona__Live__010_2_7.png__4742d431__010_2_7.png,100.7400268447
genuine,Testing__Digital_Persona__Live__010_2_8.png__6a5ccc40__010_2_8.png,73.8522140662
genuine,Testing__Digital_Persona__Live__010_2_9.png__004ba98a__010_2_9.png,93.305267771
genuine,Testing__Digital_Persona__Live__010_3_4.png__cebefe7f__010_3_4.png,88.5385309752
genuine,Testing__Digital_Persona__Live__010_3_5.png__dc42def1__010_3_5.png,99.9355056156
genuine,Testing__Digital_Persona__Live__010_3_6.png__1240d4a6__010_3_6.png,48.006883898
genuine,Testing__Digital_Persona__Live__010_3_7.png__d8016585__010_3_7.png,54.7791400622
genuine,Testing__Digital_Persona__Live__010_3_8.png__2a2df826__010_3_8.png,42.3762397841
genuine,Testing__Digital_Persona__Live__010_3_9.png__1dfb04c5__010_3_9.png,91.0594293501
genuine,Testing__Digital_Persona__Live__010_4_4.png__d14cda10__010_4_4.png,24.6733608301
genuine,Testing__Digital_Persona__Live__010_4_5.png__6634df64__010_4_5.png,11.7479010648
genuine,Testing__Digital_Persona__Live__010_4_6.png__83fbf1ab__010_4_6.png,1.7629617419
genuine,Testing__Digital_Persona__Live__010_4_7.png__23ee81ac__010_4_7.png,46.544763614
genuine,Testing__Digital_Persona__Live__010_4_8.png__388f189c__010_4_8.png,25.5765346373
genuine,Testing__Digital_Persona__Live__010_4_9.png__4ca62b21__010_4_9.png,27.0361866195
genuine,Testing__Digital_Persona__Live__010_5_4.png__ac0d147c__010_5_4.png,111.3685431505
genuine,Testing__Digital_Persona__Live__010_5_5.png__c1ec1b8d__010_5_5.png,93.5046623342
genuine,Testing__Digital_Persona__Live__010_5_6.png__690c3a4d__010_5_6.png,65.008878328
genuine,Testing__Digital_Persona__Live__010_5_7.png__7c44fb47__010_5_7.png,120.5942986359
genuine,Testing__Digital_Persona__Live__010_5_8.png__5708ad85__010_5_8.png,84.8358889301
genuine,Testing__Digital_Persona__Live__010_5_9.png__dae1c51a__010_5_9.png,126.0090282189
genuine,Testing__Digital_Persona__Live__010_6_4.png__ada4df20__010_6_4.png,117.5791156646
genuine,Testing__Digital_Persona__Live__010_6_5.png__ed818404__010_6_5.png,138.120859671
genuine,Testing__Digital_Persona__Live__010_6_6.png__85a3f9e3__010_6_6.png,77.9757077103
genuine,Testing__Digital_Persona__Live__010_6_7.png__fa15b4e4__010_6_7.png,153.7194507696
genuine,Testing__Digital_Persona__Live__010_6_8.png__a04f192b__010_6_8.png,114.1960246106
genuine,Testing__Digital_Persona__Live__010_6_9.png__19acf404__010_6_9.png,59.5286696057
genuine,Testing__Digital_Persona__Live__010_7_4.png__ada807c1__010_7_4.png,139.6090160669
genuine,Testing__Digital_Persona__Live__010_7_5.png__8586ac7f__010_7_5.png,134.8088296801
genuine,Testing__Digital_Persona__Live__010_7_6.png__f8e1b908__010_7_6.png,89.1055949513
genuine,Testing__Digital_Persona__Live__010_7_7.png__833b80c5__010_7_7.png,133.6310900353
genuine,Testing__Digital_Persona__Live__010_7_8.png__e200f748__010_7_8.png,125.1405135052
genuine,Testing__Digital_Persona__Live__010_7_9.png__1b3aa3ca__010_7_9.png,151.9063318004
genuine,Testing__Digital_Persona__Live__010_8_4.png__3d2a6516__010_8_4.png,27.8241187058
genuine,Testing__Digital_Persona__Live__010_8_5.png__9e436fd2__010_8_5.png,48.746833827
genuine,Testing__Digital_Persona__Live__010_8_6.png__1e8bd02b__010_8_6.png,7.0022215548
genuine,Testing__Digital_Persona__Live__010_8_7.png__87a4be58__010_8_7.png,39.966303891
genuine,Testing__Digital_Persona__Live__010_8_8.png__fc832d5a__010_8_8.png,53.9520848679
genuine,Testing__Digital_Persona__Live__010_8_9.png__85798f6c__010_8_9.png,43.7009470325
genuine,Testing__Digital_Persona__Live__010_9_4.png__49a658e4__010_9_4.png,141.5941236267
genuine,Testing__Digital_Persona__Live__010_9_5.png__aa107f88__010_9_5.png,196.2680265374
genuine,Testing__Digital_Persona__Live__010_9_6.png__e5f3b9ac__010_9_6.png,26.3717456181
genuine,Testing__Digital_Persona__Live__010_9_7.png__da10b525__010_9_7.png,202.4815234061
genuine,Testing__Digital_Persona__Live__010_9_8.png__e64d99dd__010_9_8.png,115.8487224595
genuine,Testing__Digital_Persona__Live__010_9_9.png__252f0bcc__010_9_9.png,146.6802869351
genuine,Testing__Digital_Persona__Live__011_0_4.png__4a984e9b__011_0_4.png,112.3234034428
genuine,Testing__Digital_Persona__Live__011_0_5.png__76d87b53__011_0_5.png,193.6593910265
genuine,Testing__Digital_Persona__Live__011_0_6.png__68e13360__011_0_6.png,126.811706402
genuine,Testing__Digital_Persona__Live__011_0_7.png__f3129138__011_0_7.png,145.2381249358
genuine,Testing__Digital_Persona__Live__011_0_8.png__334f5573__011_0_8.png,58.621573444
genuine,Testing__Digital_Persona__Live__011_0_9.png__c6664a9a__011_0_9.png,85.7862596025
genuine,Testing__Digital_Persona__Live__011_1_4.png__2e7b09cc__011_1_4.png,137.5713933956
genuine,Testing__Digital_Persona__Live__011_1_5.png__ae7d32da__011_1_5.png,182.6711730996
genuine,Testing__Digital_Persona__Live__011_1_6.png__13570368__011_1_6.png,173.0599980451
genuine,Testing__Digital_Persona__Live__011_1_7.png__35c706c0__011_1_7.png,130.0599709855
genuine,Testing__Digital_Persona__Live__011_1_8.png__eb0654b1__011_1_8.png,203.6134662375
genuine,Testing__Digital_Persona__Live__011_1_9.png__e7fc4566__011_1_9.png,136.018064495
genuine,Testing__Digital_Persona__Live__011_2_4.png__cee6e2e9__011_2_4.png,140.2771389731
genuine,Testing__Digital_Persona__Live__011_2_5.png__bc60d47c__011_2_5.png,112.5108646925
genuine,Testing__Digital_Persona__Live__011_2_6.png__b746aed6__011_2_6.png,76.692732562
genuine,Testing__Digital_Persona__Live__011_2_7.png__0dd03526__011_2_7.png,45.2808309421
genuine,Testing__Digital_Persona__Live__011_2_8.png__a30f2f56__011_2_8.png,79.7830107161
genuine,Testing__Digital_Persona__Live__011_2_9.png__a780532b__011_2_9.png,113.4676714733
genuine,Testing__Digital_Persona__Live__011_3_4.png__b4244ccc__011_3_4.png,52.3029740181
genuine,Testing__Digital_Persona__Live__011_3_5.png__72134819__011_3_5.png,45.7496880039
genuine,Testing__Digital_Persona__Live__011_3_6.png__e454b245__011_3_6.png,28.9860097631
genuine,Testing__Digital_Persona__Live__011_3_7.png__d8feea41__011_3_7.png,46.1303879455
genuine,Testing__Digital_Persona__Live__011_3_8.png__4727311f__011_3_8.png,43.4055680959
genuine,Testing__Digital_Persona__Live__011_3_9.png__2421751f__011_3_9.png,55.6174393046
genuine,Testing__Digital_Persona__Live__011_4_4.png__86f7fd80__011_4_4.png,37.4463452049
genuine,Testing__Digital_Persona__Live__011_4_5.png__6825c01a__011_4_5.png,16.8661920101
genuine,Testing__Digital_Persona__Live__011_4_6.png__fe47f318__011_4_6.png,34.4299507014
genuine,Testing__Digital_Persona__Live__011_4_7.png__c25df25f__011_4_7.png,26.5878463292
genuine,Testing__Digital_Persona__Live__011_4_8.png__cc94de5c__011_4_8.png,30.6339572623
genuine,Testing__Digital_Persona__Live__011_4_9.png__b55c4987__011_4_9.png,27.089281166
genuine,Testing__Digital_Persona__Live__011_5_4.png__b7ddc875__011_5_4.png,139.5962536426
genuine,Testing__Digital_Persona__Live__011_5_5.png__cf1361d5__011_5_5.png,179.0597447695
genuine,Testing__Digital_Persona__Live__011_5_6.png__78c8014c__011_5_6.png,128.1305945467
genuine,Testing__Digital_Persona__Live__011_5_7.png__939c62be__011_5_7.png,121.425914594
genuine,Testing__Digital_Persona__Live__011_5_8.png__15fb87ef__011_5_8.png,128.7616235882
genuine,Testing__Digital_Persona__Live__011_5_9.png__84f1a332__011_5_9.png,78.8224199154
genuine,Testing__Digital_Persona__Live__011_6_4.png__6569d1f4__011_6_4.png,261.9135248595
genuine,Testing__Digital_Persona__Live__011_6_5.png__dd7fed5d__011_6_5.png,280.1658053497
genuine,Testing__Digital_Persona__Live__011_6_6.png__ab90df73__011_6_6.png,222.7880105315
genuine,Testing__Digital_Persona__Live__011_6_7.png__c156ed38__011_6_7.png,180.0693610635
genuine,Testing__Digital_Persona__Live__011_6_8.png__ab8d35c9__011_6_8.png,169.0398225631
genuine,Testing__Digital_Persona__Live__011_6_9.png__164a9ab1__011_6_9.png,191.7554611494
genuine,Testing__Digital_Persona__Live__011_7_4.png__0d760ed1__011_7_4.png,144.2893825534
genuine,Testing__Digital_Persona__Live__011_7_5.png__634c63ac__011_7_5.png,169.7140247206
genuine,Testing__Digital_Persona__Live__011_7_6.png__32106ecc__011_7_6.png,82.0897465107
genuine,Testing__Digital_Persona__Live__011_7_7.png__8abceee0__011_7_7.png,153.7834612974
genuine,Testing__Digital_Persona__Live__011_7_8.png__9ee242ce__011_7_8.png,117.2589646865
genuine,Testing__Digital_Persona__Live__011_7_9.png__48f027eb__011_7_9.png,130.4361837429
genuine,Testing__Digital_Persona__Live__011_8_4.png__4bdc2aab__011_8_4.png,25.8521725128
genuine,Testing__Digital_Persona__Live__011_8_5.png__9d228ba3__011_8_5.png,31.6361341683
genuine,Testing__Digital_Persona__Live__011_8_6.png__0af8700d__011_8_6.png,27.4212644706
genuine,Testing__Digital_Persona__Live__011_8_7.png__af88a0a8__011_8_7.png,53.4744764538
genuine,Testing__Digital_Persona__Live__011_8_8.png__be3cdaa3__011_8_8.png,7.8999340728
genuine,Testing__Digital_Persona__Live__011_8_9.png__6b87038d__011_8_9.png,27.7086357985
genuine,Testing__Digital_Persona__Live__011_9_4.png__6eecab3e__011_9_4.png,45.155091409
genuine,Testing__Digital_Persona__Live__011_9_5.png__0df03c8e__011_9_5.png,65.6148408176
genuine,Testing__Digital_Persona__Live__011_9_6.png__ec2125dd__011_9_6.png,68.3917278141
genuine,Testing__Digital_Persona__Live__011_9_7.png__6640addb__011_9_7.png,41.9498638525
genuine,Testing__Digital_Persona__Live__011_9_8.png__7034326e__011_9_8.png,34.2891068629
genuine,Testing__Digital_Persona__Live__011_9_9.png__4227c0fa__011_9_9.png,37.9798816141
genuine,Testing__Digital_Persona__Live__012_0_4.png__6ab1714f__012_0_4.png,22.9987825333
genuine,Testing__Digital_Persona__Live__012_0_5.png__2825bc87__012_0_5.png,47.0932769192
genuine,Testing__Digital_Persona__Live__012_0_6.png__97e17f07__012_0_6.png,13.5071490137
genuine,Testing__Digital_Persona__Live__012_0_7.png__60c4d9de__012_0_7.png,126.3935332373
genuine,Testing__Digital_Persona__Live__012_0_8.png__08c86e6d__012_0_8.png,93.151173878
genuine,Testing__Digital_Persona__Live__012_0_9.png__e3a4689e__012_0_9.png,81.2488536765
genuine,Testing__Digital_Persona__Live__012_1_4.png__9707f91c__012_1_4.png,54.7218383067
genuine,Testing__Digital_Persona__Live__012_1_5.png__ce660302__012_1_5.png,85.9214892345
genuine,Testing__Digital_Persona__Live__012_1_6.png__b8bcdfa3__012_1_6.png,39.7693803526
genuine,Testing__Digital_Persona__Live__012_1_7.png__e5b58e0b__012_1_7.png,102.849541129
genuine,Testing__Digital_Persona__Live__012_1_8.png__7de6658c__012_1_8.png,51.6511203405
genuine,Testing__Digital_Persona__Live__012_1_9.png__a35e91f6__012_1_9.png,45.6829425791
genuine,Testing__Digital_Persona__Live__012_2_4.png__2ff6d36e__012_2_4.png,73.2886793248
genuine,Testing__Digital_Persona__Live__012_2_5.png__4039f5fd__012_2_5.png,23.2650825108
genuine,Testing__Digital_Persona__Live__012_2_6.png__6d505a6c__012_2_6.png,49.2690930552
genuine,Testing__Digital_Persona__Live__012_2_7.png__36c3f8a1__012_2_7.png,124.6137125961
genuine,Testing__Digital_Persona__Live__012_2_8.png__4b2e51b0__012_2_8.png,115.1781450804
genuine,Testing__Digital_Persona__Live__012_2_9.png__b70afb60__012_2_9.png,99.0052305572
genuine,Testing__Digital_Persona__Live__012_3_4.png__8b5e63a8__012_3_4.png,52.5349890389
genuine,Testing__Digital_Persona__Live__012_3_5.png__ac63878e__012_3_5.png,62.0552290435
genuine,Testing__Digital_Persona__Live__012_3_6.png__e44dd3e1__012_3_6.png,10.9834602319
genuine,Testing__Digital_Persona__Live__012_3_7.png__84b902fc__012_3_7.png,89.8710413657
genuine,Testing__Digital_Persona__Live__012_3_8.png__da8dec1c__012_3_8.png,65.9359512457
genuine,Testing__Digital_Persona__Live__012_3_9.png__f0bc55d5__012_3_9.png,44.1359386979
genuine,Testing__Digital_Persona__Live__012_4_4.png__3056d370__012_4_4.png,90.5665606859
genuine,Testing__Digital_Persona__Live__012_4_5.png__7452f7f8__012_4_5.png,107.1837816525
genuine,Testing__Digital_Persona__Live__012_4_6.png__c34929f0__012_4_6.png,34.8513807606
genuine,Testing__Digital_Persona__Live__012_4_7.png__6bb6f019__012_4_7.png,26.1595078951
genuine,Testing__Digital_Persona__Live__012_4_8.png__693ad097__012_4_8.png,88.4291957845
genuine,Testing__Digital_Persona__Live__012_4_9.png__5f1eb709__012_4_9.png,98.4982045004
genuine,Testing__Digital_Persona__Live__012_5_4.png__34d78b44__012_5_4.png,114.4967433451
genuine,Testing__Digital_Persona__Live__012_5_5.png__5eb746f9__012_5_5.png,114.1682278591
genuine,Testing__Digital_Persona__Live__012_5_6.png__9e1fbcb5__012_5_6.png,152.135666176
genuine,Testing__Digital_Persona__Live__012_5_7.png__bcaef8e5__012_5_7.png,117.3609665298
genuine,Testing__Digital_Persona__Live__012_5_8.png__e9f61e70__012_5_8.png,144.040718882
genuine,Testing__Digital_Persona__Live__012_5_9.png__69b3cbae__012_5_9.png,161.8262828084
genuine,Testing__Digital_Persona__Live__012_6_4.png__978cadec__012_6_4.png,134.2869751402
genuine,Testing__Digital_Persona__Live__012_6_5.png__589af641__012_6_5.png,170.2400626492
genuine,Testing__Digital_Persona__Live__012_6_6.png__67d346d1__012_6_6.png,106.4805287713
genuine,Testing__Digital_Persona__Live__012_6_7.png__3b54ce93__012_6_7.png,145.1766672793
genuine,Testing__Digital_Persona__Live__012_6_8.png__c7a955b1__012_6_8.png,175.5999668132
genuine,Testing__Digital_Persona__Live__012_6_9.png__50207c1b__012_6_9.png,145.4954639819
genuine,Testing__Digital_Persona__Live__012_7_4.png__c879ebc4__012_7_4.png,224.947387841
genuine,Testing__Digital_Persona__Live__012_7_5.png__fb9c45c9__012_7_5.png,139.9857155961
genuine,Testing__Digital_Persona__Live__012_7_6.png__2e07a43d__012_7_6.png,131.6538471322
genuine,Testing__Digital_Persona__Live__012_7_7.png__72412147__012_7_7.png,116.0479590788
genuine,Testing__Digital_Persona__Live__012_7_8.png__d0331bd0__012_7_8.png,133.0803480142
genuine,Testing__Digital_Persona__Live__012_7_9.png__0a10f40a__012_7_9.png,149.4907454455
genuine,Testing__Digital_Persona__Live__012_8_4.png__be54514f__012_8_4.png,120.4994313969
genuine,Testing__Digital_Persona__Live__012_8_5.png__881c66a3__012_8_5.png,89.1125860597
genuine,Testing__Digital_Persona__Live__012_8_6.png__e30a84f2__012_8_6.png,6.4640049462
genuine,Testing__Digital_Persona__Live__012_8_7.png__d54b4a4c__012_8_7.png,71.3286938007
genuine,Testing__Digital_Persona__Live__012_8_8.png__e8d94a24__012_8_8.png,144.3575186286
genuine,Testing__Digital_Persona__Live__012_8_9.png__c4c03750__012_8_9.png,92.609392543
genuine,Testing__Digital_Persona__Live__012_9_4.png__659c3ae0__012_9_4.png,149.767818731
genuine,Testing__Digital_Persona__Live__012_9_5.png__160d041e__012_9_5.png,146.371593522
genuine,Testing__Digital_Persona__Live__012_9_6.png__a6344b21__012_9_6.png,50.5742670254
genuine,Testing__Digital_Persona__Live__012_9_7.png__59ffeeed__012_9_7.png,98.2182768562
genuine,Testing__Digital_Persona__Live__012_9_8.png__af1f6de4__012_9_8.png,91.577845509
genuine,Testing__Digital_Persona__Live__012_9_9.png__0aaa2110__012_9_9.png,74.957235132
genuine,Testing__Digital_Persona__Live__014_0_4.png__692b154d__014_0_4.png,143.3426373047
genuine,Testing__Digital_Persona__Live__014_0_5.png__1f2ac1cb__014_0_5.png,76.609356693
genuine,Testing__Digital_Persona__Live__014_0_6.png__8ca7540f__014_0_6.png,243.3411295122
genuine,Testing__Digital_Persona__Live__014_0_7.png__b77f5c2b__014_0_7.png,155.1156121397
genuine,Testing__Digital_Persona__Live__014_0_8.png__efd30d2e__014_0_8.png,96.228256697
genuine,Testing__Digital_Persona__Live__014_0_9.png__01787ab5__014_0_9.png,234.2952114264
genuine,Testing__Digital_Persona__Live__014_1_4.png__d32e77a0__014_1_4.png,62.8280309875
genuine,Testing__Digital_Persona__Live__014_1_5.png__eb9a6add__014_1_5.png,102.6725262536
genuine,Testing__Digital_Persona__Live__014_1_6.png__f83cb41a__014_1_6.png,59.5939795715
genuine,Testing__Digital_Persona__Live__014_1_7.png__4bef34a2__014_1_7.png,79.3880411034
genuine,Testing__Digital_Persona__Live__014_1_8.png__e6f93e96__014_1_8.png,112.5194039153
genuine,Testing__Digital_Persona__Live__014_1_9.png__4c4b34b9__014_1_9.png,199.2437493659
genuine,Testing__Digital_Persona__Live__014_2_4.png__5a44eb4e__014_2_4.png,59.1390477828
genuine,Testing__Digital_Persona__Live__014_2_5.png__11509db6__014_2_5.png,14.9116683272
genuine,Testing__Digital_Persona__Live__014_2_6.png__d7ff785c__014_2_6.png,89.3737033607
genuine,Testing__Digital_Persona__Live__014_2_7.png__728d7b4c__014_2_7.png,30.7011139639
genuine,Testing__Digital_Persona__Live__014_2_8.png__5b3df4eb__014_2_8.png,77.7790215215
genuine,Testing__Digital_Persona__Live__014_2_9.png__99fa15db__014_2_9.png,41.5851628372
genuine,Testing__Digital_Persona__Live__014_3_4.png__3dcd9ba4__014_3_4.png,75.89158491
genuine,Testing__Digital_Persona__Live__014_3_5.png__774713f5__014_3_5.png,13.7633546485
genuine,Testing__Digital_Persona__Live__014_3_6.png__64b6cdcc__014_3_6.png,74.9739827811
genuine,Testing__Digital_Persona__Live__014_3_7.png__4f51e199__014_3_7.png,90.7576107542
genuine,Testing__Digital_Persona__Live__014_3_8.png__df4a5ed7__014_3_8.png,72.7863013807
genuine,Testing__Digital_Persona__Live__014_3_9.png__d5b2097c__014_3_9.png,63.3919073991
genuine,Testing__Digital_Persona__Live__014_4_4.png__3f43533f__014_4_4.png,38.7109386918
genuine,Testing__Digital_Persona__Live__014_4_5.png__cedd4017__014_4_5.png,92.8293441806
genuine,Testing__Digital_Persona__Live__014_4_6.png__f868aa7f__014_4_6.png,35.2471886135
genuine,Testing__Digital_Persona__Live__014_4_7.png__31147d18__014_4_7.png,15.7486581321
genuine,Testing__Digital_Persona__Live__014_4_8.png__9ef0cf45__014_4_8.png,68.740255478
genuine,Testing__Digital_Persona__Live__014_4_9.png__67e19ba1__014_4_9.png,38.1358225165
genuine,Testing__Digital_Persona__Live__014_5_4.png__c43a5f84__014_5_4.png,161.4601311498
genuine,Testing__Digital_Persona__Live__014_5_5.png__75bb5735__014_5_5.png,202.9748415979
genuine,Testing__Digital_Persona__Live__014_5_6.png__5d31a511__014_5_6.png,90.3474837027
genuine,Testing__Digital_Persona__Live__014_5_7.png__18291191__014_5_7.png,68.8298501967
genuine,Testing__Digital_Persona__Live__014_5_8.png__40377489__014_5_8.png,111.9709316508
genuine,Testing__Digital_Persona__Live__014_5_9.png__7a8ee5b6__014_5_9.png,148.8085875893
genuine,Testing__Digital_Persona__Live__014_6_4.png__3991c80c__014_6_4.png,139.3733538469
genuine,Testing__Digital_Persona__Live__014_6_5.png__ac0a38ff__014_6_5.png,43.6159342064
genuine,Testing__Digital_Persona__Live__014_6_6.png__6a7ab288__014_6_6.png,69.8958998536
genuine,Testing__Digital_Persona__Live__014_6_7.png__6518ce20__014_6_7.png,71.3747435205
genuine,Testing__Digital_Persona__Live__014_6_8.png__2a622d20__014_6_8.png,83.7905042379
genuine,Testing__Digital_Persona__Live__014_6_9.png__aa1104ae__014_6_9.png,125.6519922261
genuine,Testing__Digital_Persona__Live__014_7_4.png__c5230eb3__014_7_4.png,41.7757820625
genuine,Testing__Digital_Persona__Live__014_7_5.png__48cd0042__014_7_5.png,34.812793858
genuine,Testing__Digital_Persona__Live__014_7_6.png__a48bcb34__014_7_6.png,52.8188172474
genuine,Testing__Digital_Persona__Live__014_7_7.png__0cea90a5__014_7_7.png,66.9446450775
genuine,Testing__Digital_Persona__Live__014_7_8.png__47d32d95__014_7_8.png,84.4454233904
genuine,Testing__Digital_Persona__Live__014_7_9.png__68001ea2__014_7_9.png,91.4640224751
genuine,Testing__Digital_Persona__Live__014_8_4.png__cbb89083__014_8_4.png,3.9759743278
genuine,Testing__Digital_Persona__Live__014_8_5.png__308e7b03__014_8_5.png,23.6333455083
genuine,Testing__Digital_Persona__Live__014_8_6.png__6777907f__014_8_6.png,81.5871935085
genuine,Testing__Digital_Persona__Live__014_8_7.png__20ed14df__014_8_7.png,25.6347204622
genuine,Testing__Digital_Persona__Live__014_8_8.png__77662caf__014_8_8.png,16.8674406991
genuine,Testing__Digital_Persona__Live__014_8_9.png__a097cd85__014_8_9.png,42.9501836527
genuine,Testing__Digital_Persona__Live__014_9_4.png__08727f68__014_9_4.png,33.5264875241
genuine,Testing__Digital_Persona__Live__014_9_5.png__a24ee5c2__014_9_5.png,78.5935337689
genuine,Testing__Digital_Persona__Live__014_9_6.png__ffea8034__014_9_6.png,49.3505091555
genuine,Testing__Digital_Persona__Live__014_9_7.png__5314a965__014_9_7.png,3.8828774009
genuine,Testing__Digital_Persona__Live__014_9_8.png__94178115__014_9_8.png,20.5471616487
genuine,Testing__Digital_Persona__Live__014_9_9.png__50e544c9__014_9_9.png,35.6685401109
genuine,Testing__Digital_Persona__Live__019_0_4.png__c3efff3b__019_0_4.png,78.2746285095
genuine,Testing__Digital_Persona__Live__019_0_5.png__4e4fc8b6__019_0_5.png,92.6193080828
genuine,Testing__Digital_Persona__Live__019_0_6.png__a135cfaa__019_0_6.png,93.8091442382
genuine,Testing__Digital_Persona__Live__019_0_7.png__1969a846__019_0_7.png,89.1233304943
genuine,Testing__Digital_Persona__Live__019_0_8.png__da23815b__019_0_8.png,80.5486981371
genuine,Testing__Digital_Persona__Live__019_0_9.png__77d526b4__019_0_9.png,65.9213861364
genuine,Testing__Digital_Persona__Live__019_1_4.png__6317b890__019_1_4.png,167.4617898037
genuine,Testing__Digital_Persona__Live__019_1_5.png__0647fa3e__019_1_5.png,129.6814340589
genuine,Testing__Digital_Persona__Live__019_1_6.png__86adddf8__019_1_6.png,59.731789316
genuine,Testing__Digital_Persona__Live__019_1_7.png__fdd285b2__019_1_7.png,57.5912400722
genuine,Testing__Digital_Persona__Live__019_1_8.png__a358ff08__019_1_8.png,136.8651927023
genuine,Testing__Digital_Persona__Live__019_1_9.png__28746a4d__019_1_9.png,144.6622493369
genuine,Testing__Digital_Persona__Live__019_2_4.png__943a36dd__019_2_4.png,151.4259860951
genuine,Testing__Digital_Persona__Live__019_2_5.png__5b87ef5b__019_2_5.png,136.9574184956
genuine,Testing__Digital_Persona__Live__019_2_6.png__6fcd4369__019_2_6.png,122.8545248043
genuine,Testing__Digital_Persona__Live__019_2_7.png__d2cb8d5f__019_2_7.png,102.5745215854
genuine,Testing__Digital_Persona__Live__019_2_8.png__9fb2430d__019_2_8.png,120.8813206826
genuine,Testing__Digital_Persona__Live__019_2_9.png__bdcaa31a__019_2_9.png,64.3524789587
genuine,Testing__Digital_Persona__Live__019_3_4.png__41e21ffc__019_3_4.png,124.0570947365
genuine,Testing__Digital_Persona__Live__019_3_5.png__dcc0a5cf__019_3_5.png,86.3881474389
genuine,Testing__Digital_Persona__Live__019_3_6.png__3b44db3d__019_3_6.png,77.6341018237
genuine,Testing__Digital_Persona__Live__019_3_7.png__8a0c95e8__019_3_7.png,42.8846206485
genuine,Testing__Digital_Persona__Live__019_3_8.png__e4998b42__019_3_8.png,117.9251552649
genuine,Testing__Digital_Persona__Live__019_3_9.png__2009844a__019_3_9.png,76.1222714949
genuine,Testing__Digital_Persona__Live__019_4_4.png__7b463d35__019_4_4.png,39.137415954
genuine,Testing__Digital_Persona__Live__019_4_5.png__cbd1a1c9__019_4_5.png,33.3166102336
genuine,Testing__Digital_Persona__Live__019_4_6.png__2c2fb055__019_4_6.png,32.8214899038
genuine,Testing__Digital_Persona__Live__019_4_7.png__60a18681__019_4_7.png,3.5863354102
genuine,Testing__Digital_Persona__Live__019_4_8.png__ee3dbe86__019_4_8.png,43.8953196839
genuine,Testing__Digital_Persona__Live__019_4_9.png__a7ef1d5f__019_4_9.png,33.1887507025
genuine,Testing__Digital_Persona__Live__019_5_4.png__49939429__019_5_4.png,140.9477076941
genuine,Testing__Digital_Persona__Live__019_5_5.png__a0d04992__019_5_5.png,110.7785459214
genuine,Testing__Digital_Persona__Live__019_5_6.png__6fd624a7__019_5_6.png,109.6414977676
genuine,Testing__Digital_Persona__Live__019_5_7.png__b6f0a57e__019_5_7.png,120.1068819124
genuine,Testing__Digital_Persona__Live__019_5_8.png__061cce6d__019_5_8.png,142.1067971873
genuine,Testing__Digital_Persona__Live__019_5_9.png__ec24bfd1__019_5_9.png,37.9932231932
genuine,Testing__Digital_Persona__Live__019_6_4.png__c8ae210b__019_6_4.png,25.6722203989
genuine,Testing__Digital_Persona__Live__019_6_5.png__c8ef27ed__019_6_5.png,78.8377647321
genuine,Testing__Digital_Persona__Live__019_6_6.png__ff5229c3__019_6_6.png,120.0849075066
genuine,Testing__Digital_Persona__Live__019_6_7.png__af905c61__019_6_7.png,19.1228430815
genuine,Testing__Digital_Persona__Live__019_6_8.png__bc2d3738__019_6_8.png,25.2085129608
genuine,Testing__Digital_Persona__Live__019_6_9.png__a64e46de__019_6_9.png,55.5386869619
genuine,Testing__Digital_Persona__Live__019_7_4.png__efbf11cf__019_7_4.png,150.30374456
genuine,Testing__Digital_Persona__Live__019_7_5.png__28dd90a3__019_7_5.png,123.6373896151
genuine,Testing__Digital_Persona__Live__019_7_6.png__d29d9b0f__019_7_6.png,112.1091287075
genuine,Testing__Digital_Persona__Live__019_7_7.png__4acbf8fb__019_7_7.png,67.4402799303
genuine,Testing__Digital_Persona__Live__019_7_8.png__30ef5d9e__019_7_8.png,138.0422396
genuine,Testing__Digital_Persona__Live__019_7_9.png__f777a402__019_7_9.png,102.5786305008
genuine,Testing__Digital_Persona__Live__019_8_4.png__35b09cd4__019_8_4.png,101.9962018873
genuine,Testing__Digital_Persona__Live__019_8_5.png__737b087d__019_8_5.png,59.026805051
genuine,Testing__Digital_Persona__Live__019_8_6.png__b7bf3ca0__019_8_6.png,31.8541043699
genuine,Testing__Digital_Persona__Live__019_8_7.png__89f1e717__019_8_7.png,29.559491348
genuine,Testing__Digital_Persona__Live__019_8_8.png__58c8d600__019_8_8.png,81.3229870303
genuine,Testing__Digital_Persona__Live__019_8_9.png__840d9680__019_8_9.png,54.7758819928
genuine,Testing__Digital_Persona__Live__019_9_4.png__55a34a1a__019_9_4.png,0.9917702924
genuine,Testing__Digital_Persona__Live__019_9_5.png__91af79f7__019_9_5.png,77.069396419
genuine,Testing__Digital_Persona__Live__019_9_6.png__60fc4921__019_9_6.png,12.5636687024
genuine,Testing__Digital_Persona__Live__019_9_7.png__8f3248ae__019_9_7.png,10.903085848
genuine,Testing__Digital_Persona__Live__019_9_8.png__a0279569__019_9_8.png,40.1852338307
genuine,Testing__Digital_Persona__Live__019_9_9.png__3dc2f53e__019_9_9.png,8.2423599727
genuine,Testing__Digital_Persona__Live__021_0_4.png__781b3721__021_0_4.png,125.1758693199
genuine,Testing__Digital_Persona__Live__021_0_5.png__0f73f415__021_0_5.png,76.2971906529
genuine,Testing__Digital_Persona__Live__021_0_6.png__ed70dcbf__021_0_6.png,14.338543475
genuine,Testing__Digital_Persona__Live__021_0_7.png__05a1ef8c__021_0_7.png,92.1659773747
genuine,Testing__Digital_Persona__Live__021_0_8.png__45f4db81__021_0_8.png,102.6216569241
genuine,Testing__Digital_Persona__Live__021_0_9.png__ada5519b__021_0_9.png,41.2297983811
genuine,Testing__Digital_Persona__Live__021_1_4.png__58db2a85__021_1_4.png,79.4182561238
genuine,Testing__Digital_Persona__Live__021_1_5.png__70a4519d__021_1_5.png,37.4573214979
genuine,Testing__Digital_Persona__Live__021_1_6.png__7bdf692c__021_1_6.png,36.4159471512
genuine,Testing__Digital_Persona__Live__021_1_7.png__4575fba4__021_1_7.png,71.1932821371
genuine,Testing__Digital_Persona__Live__021_1_8.png__5126f2dc__021_1_8.png,40.5079834169
genuine,Testing__Digital_Persona__Live__021_1_9.png__ae55b6bd__021_1_9.png,89.9130888077
genuine,Testing__Digital_Persona__Live__021_2_4.png__83665287__021_2_4.png,90.8858946017
genuine,Testing__Digital_Persona__Live__021_2_5.png__42f830fa__021_2_5.png,99.8350370379
genuine,Testing__Digital_Persona__Live__021_2_6.png__52f3ea9a__021_2_6.png,49.6389773414
genuine,Testing__Digital_Persona__Live__021_2_7.png__82870719__021_2_7.png,99.7893307722
genuine,Testing__Digital_Persona__Live__021_2_8.png__cd04b24f__021_2_8.png,65.3425784181
genuine,Testing__Digital_Persona__Live__021_2_9.png__cadf5847__021_2_9.png,133.6824782864
genuine,Testing__Digital_Persona__Live__021_3_4.png__086b1e9b__021_3_4.png,70.7800400451
genuine,Testing__Digital_Persona__Live__021_3_5.png__1a4e4692__021_3_5.png,75.1155362445
genuine,Testing__Digital_Persona__Live__021_3_6.png__c5b628ae__021_3_6.png,65.0547920695
genuine,Testing__Digital_Persona__Live__021_3_7.png__0079a37c__021_3_7.png,122.8099671393
genuine,Testing__Digital_Persona__Live__021_3_8.png__6b29bb81__021_3_8.png,25.4165973255
genuine,Testing__Digital_Persona__Live__021_3_9.png__53825dc6__021_3_9.png,50.7405051655
genuine,Testing__Digital_Persona__Live__021_4_4.png__8775f97a__021_4_4.png,66.6469523013
genuine,Testing__Digital_Persona__Live__021_4_5.png__d233f876__021_4_5.png,63.5790932537
genuine,Testing__Digital_Persona__Live__021_4_6.png__6f3ef3d6__021_4_6.png,31.3348543127
genuine,Testing__Digital_Persona__Live__021_4_7.png__a50413ce__021_4_7.png,66.729961092
genuine,Testing__Digital_Persona__Live__021_4_8.png__395d6c46__021_4_8.png,45.7759350915
genuine,Testing__Digital_Persona__Live__021_4_9.png__a3ff3400__021_4_9.png,46.4270366588
genuine,Testing__Digital_Persona__Live__021_5_4.png__edd0f9c7__021_5_4.png,87.7350342044
genuine,Testing__Digital_Persona__Live__021_5_5.png__a273f234__021_5_5.png,43.3845248657
genuine,Testing__Digital_Persona__Live__021_5_6.png__06e9e816__021_5_6.png,13.6525997925
genuine,Testing__Digital_Persona__Live__021_5_7.png__ae1411c6__021_5_7.png,136.6111638063
genuine,Testing__Digital_Persona__Live__021_5_8.png__1bd9dfc9__021_5_8.png,182.7226002962
genuine,Testing__Digital_Persona__Live__021_5_9.png__fdec21bc__021_5_9.png,124.7747674589
genuine,Testing__Digital_Persona__Live__021_6_4.png__12b35076__021_6_4.png,111.6191363529
genuine,Testing__Digital_Persona__Live__021_6_5.png__b98fb06e__021_6_5.png,122.8113256724
genuine,Testing__Digital_Persona__Live__021_6_6.png__64682323__021_6_6.png,80.1802095966
genuine,Testing__Digital_Persona__Live__021_6_7.png__c1603f66__021_6_7.png,99.3927362443
genuine,Testing__Digital_Persona__Live__021_6_8.png__c1facd5a__021_6_8.png,46.1565809574
genuine,Testing__Digital_Persona__Live__021_6_9.png__577f83e8__021_6_9.png,56.7649102135
genuine,Testing__Digital_Persona__Live__021_7_4.png__738bccc7__021_7_4.png,73.4281211372
genuine,Testing__Digital_Persona__Live__021_7_5.png__5cf7ec7c__021_7_5.png,111.5308158053
genuine,Testing__Digital_Persona__Live__021_7_6.png__6f818a6a__021_7_6.png,66.1699806241
genuine,Testing__Digital_Persona__Live__021_7_7.png__088bfc2d__021_7_7.png,147.5235364103
genuine,Testing__Digital_Persona__Live__021_7_8.png__220436f7__021_7_8.png,60.8664514177
genuine,Testing__Digital_Persona__Live__021_7_9.png__60a5902e__021_7_9.png,78.6162126845
genuine,Testing__Digital_Persona__Live__021_8_4.png__b476b8a9__021_8_4.png,95.9270824331
genuine,Testing__Digital_Persona__Live__021_8_5.png__16c203dc__021_8_5.png,52.1611194085
genuine,Testing__Digital_Persona__Live__021_8_6.png__4ace3dc0__021_8_6.png,86.3564651459
genuine,Testing__Digital_Persona__Live__021_8_7.png__571af05f__021_8_7.png,136.6223474256
genuine,Testing__Digital_Persona__Live__021_8_8.png__9d5ea2e0__021_8_8.png,80.6532374549
genuine,Testing__Digital_Persona__Live__021_8_9.png__d14ee3f6__021_8_9.png,98.8892450063
genuine,Testing__Digital_Persona__Live__021_9_4.png__0026c1c4__021_9_4.png,21.6699406361
genuine,Testing__Digital_Persona__Live__021_9_5.png__7632b4e6__021_9_5.png,35.2373731611
genuine,Testing__Digital_Persona__Live__021_9_6.png__7a99a2ff__021_9_6.png,14.0969355404
genuine,Testing__Digital_Persona__Live__021_9_7.png__995bd5b4__021_9_7.png,72.153223192
genuine,Testing__Digital_Persona__Live__021_9_8.png__4cf38064__021_9_8.png,50.2313586785
genuine,Testing__Digital_Persona__Live__021_9_9.png__9addb452__021_9_9.png,41.5237140481
genuine,Training__Digital_Persona__Live__002_0_4.png__c7d34dc2__002_0_4.png,106.9918918491
genuine,Training__Digital_Persona__Live__002_0_5.png__fe70aa71__002_0_5.png,162.282665826
genuine,Training__Digital_Persona__Live__002_0_6.png__c8c0e2ff__002_0_6.png,128.4032033429
genuine,Training__Digital_Persona__Live__002_0_7.png__b70dc778__002_0_7.png,93.4713807589
genuine,Training__Digital_Persona__Live__002_0_8.png__1397a305__002_0_8.png,104.9508129324
genuine,Training__Digital_Persona__Live__002_0_9.png__173d8e04__002_0_9.png,126.1758381697
genuine,Training__Digital_Persona__Live__002_1_4.png__b23f9deb__002_1_4.png,99.0466598126
genuine,Training__Digital_Persona__Live__002_1_5.png__b4fb3cf1__002_1_5.png,159.7772390121
genuine,Training__Digital_Persona__Live__002_1_6.png__1ecc6943__002_1_6.png,55.4605778052
genuine,Training__Digital_Persona__Live__002_1_7.png__8ab103dc__002_1_7.png,117.9384262701
genuine,Training__Digital_Persona__Live__002_1_8.png__758ae688__002_1_8.png,44.7041847126
genuine,Training__Digital_Persona__Live__002_1_9.png__2033077f__002_1_9.png,135.99176907
genuine,Training__Digital_Persona__Live__002_2_4.png__2e562a4c__002_2_4.png,136.6503852151
genuine,Training__Digital_Persona__Live__002_2_5.png__2a6908ed__002_2_5.png,156.3078208058
genuine,Training__Digital_Persona__Live__002_2_6.png__43f6135f__002_2_6.png,85.4896820871
genuine,Training__Digital_Persona__Live__002_2_7.png__1b9d0656__002_2_7.png,110.3885521013
genuine,Training__Digital_Persona__Live__002_2_8.png__7e199f27__002_2_8.png,134.27628657
genuine,Training__Digital_Persona__Live__002_2_9.png__7f547f9f__002_2_9.png,171.0485404849
genuine,Training__Digital_Persona__Live__002_3_4.png__11b5f306__002_3_4.png,104.4381577403
genuine,Training__Digital_Persona__Live__002_3_5.png__0e6a7a18__002_3_5.png,126.9683787129
genuine,Training__Digital_Persona__Live__002_3_6.png__404ad27b__002_3_6.png,83.6266714153
genuine,Training__Digital_Persona__Live__002_3_7.png__4f66706f__002_3_7.png,93.6155243163
genuine,Training__Digital_Persona__Live__002_3_8.png__2ebf9e33__002_3_8.png,155.4541542692
genuine,Training__Digital_Persona__Live__002_3_9.png__ba0eb807__002_3_9.png,103.5094181615
genuine,Training__Digital_Persona__Live__002_4_4.png__bf1634d2__002_4_4.png,162.8904585438
genuine,Training__Digital_Persona__Live__002_4_5.png__8da2486b__002_4_5.png,149.1059374775
genuine,Training__Digital_Persona__Live__002_4_6.png__e720a168__002_4_6.png,53.6856623106
genuine,Training__Digital_Persona__Live__002_4_7.png__71df5a59__002_4_7.png,51.2438889006
genuine,Training__Digital_Persona__Live__002_4_8.png__4743bb78__002_4_8.png,91.3605439333
genuine,Training__Digital_Persona__Live__002_4_9.png__fd135755__002_4_9.png,146.7832433038
genuine,Training__Digital_Persona__Live__002_5_4.png__b304168c__002_5_4.png,105.081379708
genuine,Training__Digital_Persona__Live__002_5_5.png__7e248bc2__002_5_5.png,128.4635783045
genuine,Training__Digital_Persona__Live__002_5_6.png__583fc98e__002_5_6.png,99.5524014007
genuine,Training__Digital_Persona__Live__002_5_7.png__f449ff26__002_5_7.png,117.1306364386
genuine,Training__Digital_Persona__Live__002_5_8.png__303fa05f__002_5_8.png,88.4783987662
genuine,Training__Digital_Persona__Live__002_5_9.png__7eb53e9e__002_5_9.png,153.4937577585
genuine,Training__Digital_Persona__Live__002_6_4.png__7cc483ea__002_6_4.png,162.4280790605
genuine,Training__Digital_Persona__Live__002_6_5.png__aec222b9__002_6_5.png,191.4174835831
genuine,Training__Digital_Persona__Live__002_6_6.png__25d7b931__002_6_6.png,146.5280670996
genuine,Training__Digital_Persona__Live__002_6_7.png__1e9329b8__002_6_7.png,149.7606461836
genuine,Training__Digital_Persona__Live__002_6_8.png__85ee5728__002_6_8.png,196.6825502489
genuine,Training__Digital_Persona__Live__002_6_9.png__9356e4b4__002_6_9.png,200.7653269058
genuine,Training__Digital_Persona__Live__002_7_4.png__2fb4357a__002_7_4.png,112.8082592829
genuine,Training__Digital_Persona__Live__002_7_5.png__33d4228b__002_7_5.png,149.716513757
genuine,Training__Digital_Persona__Live__002_7_6.png__07cceabc__002_7_6.png,143.199672996
genuine,Training__Digital_Persona__Live__002_7_7.png__4a71fe62__002_7_7.png,145.1596372514
genuine,Training__Digital_Persona__Live__002_7_8.png__057b3631__002_7_8.png,100.5306434558
genuine,Training__Digital_Persona__Live__002_7_9.png__6fcf52ab__002_7_9.png,151.5155331286
genuine,Training__Digital_Persona__Live__002_8_4.png__14a633c2__002_8_4.png,166.8400005143
genuine,Training__Digital_Persona__Live__002_8_5.png__47e982d0__002_8_5.png,171.399806473
genuine,Training__Digital_Persona__Live__002_8_6.png__b660497e__002_8_6.png,155.4035672389
genuine,Training__Digital_Persona__Live__002_8_7.png__9f83cddb__002_8_7.png,77.6964176067
genuine,Training__Digital_Persona__Live__002_8_8.png__a8e222c1__002_8_8.png,199.7165037512
genuine,Training__Digital_Persona__Live__002_8_9.png__ebf2d980__002_8_9.png,177.8007646514
genuine,Training__Digital_Persona__Live__002_9_4.png__17ffc313__002_9_4.png,100.9819110694
genuine,Training__Digital_Persona__Live__002_9_5.png__de943c6e__002_9_5.png,75.9512261682
genuine,Training__Digital_Persona__Live__002_9_6.png__ca4150c3__002_9_6.png,159.6990559093
genuine,Training__Digital_Persona__Live__002_9_7.png__8bf32004__002_9_7.png,100.6247511377
genuine,Training__Digital_Persona__Live__002_9_8.png__acfd987e__002_9_8.png,163.0689055551
genuine,Training__Digital_Persona__Live__002_9_9.png__70b01e81__002_9_9.png,151.6985511206
genuine,Training__Digital_Persona__Live__003_0_4.png__810a23b7__003_0_4.png,114.4455771854
genuine,Training__Digital_Persona__Live__003_0_5.png__ae03f999__003_0_5.png,151.0799527077
genuine,Training__Digital_Persona__Live__003_0_6.png__89f2199c__003_0_6.png,32.214184523
genuine,Training__Digital_Persona__Live__003_0_7.png__e64f41cf__003_0_7.png,163.2745455919
genuine,Training__Digital_Persona__Live__003_0_8.png__fe6ec773__003_0_8.png,89.4858098294
genuine,Training__Digital_Persona__Live__003_0_9.png__c9ff5658__003_0_9.png,124.2296161255
genuine,Training__Digital_Persona__Live__003_1_4.png__a733c57f__003_1_4.png,87.6920088857
genuine,Training__Digital_Persona__Live__003_1_5.png__510a5ae0__003_1_5.png,76.5135555143
genuine,Training__Digital_Persona__Live__003_1_6.png__b4a6d353__003_1_6.png,23.7387348525
genuine,Training__Digital_Persona__Live__003_1_7.png__5c013528__003_1_7.png,60.8301621638
genuine,Training__Digital_Persona__Live__003_1_8.png__f19b48a0__003_1_8.png,45.6969495005
genuine,Training__Digital_Persona__Live__003_1_9.png__e6deaea0__003_1_9.png,76.9639623289
genuine,Training__Digital_Persona__Live__003_2_4.png__26217692__003_2_4.png,77.1743571293
genuine,Training__Digital_Persona__Live__003_2_5.png__ae6fae97__003_2_5.png,63.7162068914
genuine,Training__Digital_Persona__Live__003_2_6.png__e05468c6__003_2_6.png,69.0711266046
genuine,Training__Digital_Persona__Live__003_2_7.png__deff46c6__003_2_7.png,41.0467612854
genuine,Training__Digital_Persona__Live__003_2_8.png__c975333b__003_2_8.png,41.8404981281
genuine,Training__Digital_Persona__Live__003_2_9.png__eabc3271__003_2_9.png,57.7081777026
genuine,Training__Digital_Persona__Live__003_3_4.png__0d57c880__003_3_4.png,64.5694341422
genuine,Training__Digital_Persona__Live__003_3_5.png__10366835__003_3_5.png,43.4041088307
genuine,Training__Digital_Persona__Live__003_3_6.png__f51dd73a__003_3_6.png,24.9298047956
genuine,Training__Digital_Persona__Live__003_3_7.png__f2ecb383__003_3_7.png,85.4871469166
genuine,Training__Digital_Persona__Live__003_3_8.png__91062bf5__003_3_8.png,82.5211080408
genuine,Training__Digital_Persona__Live__003_3_9.png__a45af296__003_3_9.png,77.1690936488
genuine,Training__Digital_Persona__Live__003_4_4.png__ba5d162d__003_4_4.png,5.591529827
genuine,Training__Digital_Persona__Live__003_4_5.png__5e9b0ea1__003_4_5.png,48.7777494473
genuine,Training__Digital_Persona__Live__003_4_6.png__5e667d93__003_4_6.png,4.7427273096
genuine,Training__Digital_Persona__Live__003_4_7.png__cfe0e49a__003_4_7.png,68.0925524829
genuine,Training__Digital_Persona__Live__003_4_8.png__750490f8__003_4_8.png,34.3365610324
genuine,Training__Digital_Persona__Live__003_4_9.png__fdf84451__003_4_9.png,38.6041795669
genuine,Training__Digital_Persona__Live__003_5_4.png__143898d1__003_5_4.png,102.6362660318
genuine,Training__Digital_Persona__Live__003_5_5.png__adaf1e6e__003_5_5.png,77.1717719246
genuine,Training__Digital_Persona__Live__003_5_6.png__33596075__003_5_6.png,14.4676372408
genuine,Training__Digital_Persona__Live__003_5_7.png__edd4752d__003_5_7.png,208.2424053987
genuine,Training__Digital_Persona__Live__003_5_8.png__ddf03c76__003_5_8.png,79.5980495898
genuine,Training__Digital_Persona__Live__003_5_9.png__e326d8ac__003_5_9.png,57.8978863909
genuine,Training__Digital_Persona__Live__003_6_4.png__2d958387__003_6_4.png,68.619851737
genuine,Training__Digital_Persona__Live__003_6_5.png__7ff647b5__003_6_5.png,54.3299191597
genuine,Training__Digital_Persona__Live__003_6_6.png__45454a30__003_6_6.png,34.6232105328
genuine,Training__Digital_Persona__Live__003_6_7.png__99f37bcb__003_6_7.png,74.8154591568
genuine,Training__Digital_Persona__Live__003_6_8.png__a26d9ec7__003_6_8.png,84.3834257882
genuine,Training__Digital_Persona__Live__003_6_9.png__b9a23ccd__003_6_9.png,79.0592491927
genuine,Training__Digital_Persona__Live__003_7_4.png__ce145a95__003_7_4.png,58.9725898899
genuine,Training__Digital_Persona__Live__003_7_5.png__6417a90f__003_7_5.png,82.1303361148
genuine,Training__Digital_Persona__Live__003_7_6.png__6964d1f3__003_7_6.png,37.9849703592
genuine,Training__Digital_Persona__Live__003_7_7.png__6e4da1d7__003_7_7.png,65.5390127343
genuine,Training__Digital_Persona__Live__003_7_8.png__ce7f9bab__003_7_8.png,32.191109659
genuine,Training__Digital_Persona__Live__003_7_9.png__5721f77a__003_7_9.png,32.6993519716
genuine,Training__Digital_Persona__Live__003_8_4.png__85acb5e4__003_8_4.png,84.7170045482
genuine,Training__Digital_Persona__Live__003_8_5.png__ffb13a60__003_8_5.png,60.2267836819
genuine,Training__Digital_Persona__Live__003_8_6.png__4a0025bf__003_8_6.png,10.721363168
genuine,Training__Digital_Persona__Live__003_8_7.png__9acf544d__003_8_7.png,37.7793518069
genuine,Training__Digital_Persona__Live__003_8_8.png__8e0cd198__003_8_8.png,40.8900806787
genuine,Training__Digital_Persona__Live__003_8_9.png__44c1c628__003_8_9.png,44.1796794501
genuine,Training__Digital_Persona__Live__003_9_4.png__5dc8227d__003_9_4.png,51.6801638464
genuine,Training__Digital_Persona__Live__003_9_5.png__2bb1889c__003_9_5.png,12.8617831792
genuine,Training__Digital_Persona__Live__003_9_6.png__d943829c__003_9_6.png,8.6603403542
genuine,Training__Digital_Persona__Live__003_9_7.png__22bf7d61__003_9_7.png,44.9881696066
genuine,Training__Digital_Persona__Live__003_9_8.png__4f6a74e1__003_9_8.png,28.2239782192
genuine,Training__Digital_Persona__Live__003_9_9.png__5fe58ddd__003_9_9.png,39.0485317687
genuine,Training__Digital_Persona__Live__005_0_4.png__ded96c2f__005_0_4.png,144.1419792384
genuine,Training__Digital_Persona__Live__005_0_5.png__248d6d47__005_0_5.png,101.6868722352
genuine,Training__Digital_Persona__Live__005_0_6.png__ff2822fe__005_0_6.png,85.6395892995
genuine,Training__Digital_Persona__Live__005_0_7.png__a2104b49__005_0_7.png,107.3181174267
genuine,Training__Digital_Persona__Live__005_0_8.png__ae7f4149__005_0_8.png,133.8249340579
genuine,Training__Digital_Persona__Live__005_0_9.png__e5300538__005_0_9.png,177.9399690189
genuine,Training__Digital_Persona__Live__005_1_4.png__b876ff5e__005_1_4.png,104.1806116852
genuine,Training__Digital_Persona__Live__005_1_5.png__c4d14438__005_1_5.png,77.4924651152
genuine,Training__Digital_Persona__Live__005_1_6.png__f842ce94__005_1_6.png,5.5678151063
genuine,Training__Digital_Persona__Live__005_1_7.png__bbbe3c55__005_1_7.png,110.5298121809
genuine,Training__Digital_Persona__Live__005_1_8.png__451c389c__005_1_8.png,82.8141095716
genuine,Training__Digital_Persona__Live__005_1_9.png__2f035134__005_1_9.png,60.9646565862
genuine,Training__Digital_Persona__Live__005_2_4.png__44f50a47__005_2_4.png,125.0697341328
genuine,Training__Digital_Persona__Live__005_2_5.png__25816625__005_2_5.png,132.1599743192
genuine,Training__Digital_Persona__Live__005_2_6.png__2a3f2d76__005_2_6.png,76.6417674028
genuine,Training__Digital_Persona__Live__005_2_7.png__6ffcc918__005_2_7.png,37.6076795411
genuine,Training__Digital_Persona__Live__005_2_8.png__b3c230f5__005_2_8.png,106.7813735371
genuine,Training__Digital_Persona__Live__005_2_9.png__0eb2d051__005_2_9.png,45.6374374993
genuine,Training__Digital_Persona__Live__005_3_4.png__4eca5ccc__005_3_4.png,17.386493171
genuine,Training__Digital_Persona__Live__005_3_5.png__6fc8ace1__005_3_5.png,47.9318219128
genuine,Training__Digital_Persona__Live__005_3_6.png__3bd4c9e5__005_3_6.png,37.3056254377
genuine,Training__Digital_Persona__Live__005_3_7.png__683759db__005_3_7.png,43.8950010091
genuine,Training__Digital_Persona__Live__005_3_8.png__37480c64__005_3_8.png,34.2359370361
genuine,Training__Digital_Persona__Live__005_3_9.png__2f7c6278__005_3_9.png,39.5568658231
genuine,Training__Digital_Persona__Live__005_4_4.png__e110e551__005_4_4.png,25.7246716793
genuine,Training__Digital_Persona__Live__005_4_5.png__7acea8d7__005_4_5.png,63.9233876202
genuine,Training__Digital_Persona__Live__005_4_6.png__0b2b41c1__005_4_6.png,65.9677378299
genuine,Training__Digital_Persona__Live__005_4_7.png__04d90872__005_4_7.png,33.5111507019
genuine,Training__Digital_Persona__Live__005_4_8.png__25216b40__005_4_8.png,53.1618374591
genuine,Training__Digital_Persona__Live__005_4_9.png__a915541f__005_4_9.png,78.3433139295
genuine,Training__Digital_Persona__Live__005_5_4.png__83a76cc7__005_5_4.png,132.7169113663
genuine,Training__Digital_Persona__Live__005_5_5.png__bf734db7__005_5_5.png,101.2979756555
genuine,Training__Digital_Persona__Live__005_5_6.png__21bb8cf0__005_5_6.png,84.5024618154
genuine,Training__Digital_Persona__Live__005_5_7.png__cd875aff__005_5_7.png,104.526667445
genuine,Training__Digital_Persona__Live__005_5_8.png__7607ed5a__005_5_8.png,123.6179202918
genuine,Training__Digital_Persona__Live__005_5_9.png__9c4e0298__005_5_9.png,152.3631856641
genuine,Training__Digital_Persona__Live__005_6_4.png__6a8cc3a7__005_6_4.png,109.6459700601
genuine,Training__Digital_Persona__Live__005_6_5.png__2b8770aa__005_6_5.png,93.1873717102
genuine,Training__Digital_Persona__Live__005_6_6.png__f0796465__005_6_6.png,4.0361423197
genuine,Training__Digital_Persona__Live__005_6_7.png__c57f4df8__005_6_7.png,159.8631607665
genuine,Training__Digital_Persona__Live__005_6_8.png__6fd79411__005_6_8.png,114.9817589251
genuine,Training__Digital_Persona__Live__005_6_9.png__11719197__005_6_9.png,122.1919410099
genuine,Training__Digital_Persona__Live__005_7_4.png__03c3f19b__005_7_4.png,105.4376151697
genuine,Training__Digital_Persona__Live__005_7_5.png__8389b234__005_7_5.png,66.4388664413
genuine,Training__Digital_Persona__Live__005_7_6.png__7802d89e__005_7_6.png,63.2718211239
genuine,Training__Digital_Persona__Live__005_7_7.png__9a356a02__005_7_7.png,118.398444759
genuine,Training__Digital_Persona__Live__005_7_8.png__c319070f__005_7_8.png,17.0274937733
genuine,Training__Digital_Persona__Live__005_7_9.png__1d9ceab3__005_7_9.png,49.5538949746
genuine,Training__Digital_Persona__Live__005_8_4.png__70f9a16c__005_8_4.png,24.8673718657
genuine,Training__Digital_Persona__Live__005_8_5.png__c34208c2__005_8_5.png,17.2147140419
genuine,Training__Digital_Persona__Live__005_8_6.png__576b22b7__005_8_6.png,10.6336414808
genuine,Training__Digital_Persona__Live__005_8_7.png__b7cfc2b4__005_8_7.png,18.234249762
genuine,Training__Digital_Persona__Live__005_8_8.png__4146739a__005_8_8.png,9.1665371742
genuine,Training__Digital_Persona__Live__005_8_9.png__aa042f0e__005_8_9.png,26.4190625736
genuine,Training__Digital_Persona__Live__005_9_4.png__75d2a9a4__005_9_4.png,11.7725832694
genuine,Training__Digital_Persona__Live__005_9_5.png__b664e18a__005_9_5.png,10.0301943391
genuine,Training__Digital_Persona__Live__005_9_6.png__09791fa8__005_9_6.png,21.7923981858
genuine,Training__Digital_Persona__Live__005_9_7.png__84810a54__005_9_7.png,30.1608041325
genuine,Training__Digital_Persona__Live__005_9_8.png__136cabad__005_9_8.png,20.3400870398
genuine,Training__Digital_Persona__Live__005_9_9.png__507aecd3__005_9_9.png,27.1621324106
genuine,Training__Digital_Persona__Live__008_0_4.png__3415d4a0__008_0_4.png,141.8541093585
genuine,Training__Digital_Persona__Live__008_0_5.png__2a491560__008_0_5.png,179.1563832998
genuine,Training__Digital_Persona__Live__008_0_6.png__3109c3f4__008_0_6.png,53.8313350535
genuine,Training__Digital_Persona__Live__008_0_7.png__084288f3__008_0_7.png,141.6391405222
genuine,Training__Digital_Persona__Live__008_0_8.png__6b964c2b__008_0_8.png,75.5783776032
genuine,Training__Digital_Persona__Live__008_0_9.png__dacc2089__008_0_9.png,63.2067445027
genuine,Training__Digital_Persona__Live__008_1_4.png__7bc1f4b3__008_1_4.png,154.2416530026
genuine,Training__Digital_Persona__Live__008_1_5.png__8cb7a292__008_1_5.png,93.9959845352
genuine,Training__Digital_Persona__Live__008_1_6.png__7a7dac04__008_1_6.png,77.9596643207
genuine,Training__Digital_Persona__Live__008_1_7.png__c5b49df4__008_1_7.png,124.6760124006
genuine,Training__Digital_Persona__Live__008_1_8.png__465b6f62__008_1_8.png,69.8736563818
genuine,Training__Digital_Persona__Live__008_1_9.png__d93de0c5__008_1_9.png,86.2960132758
genuine,Training__Digital_Persona__Live__008_2_4.png__64786372__008_2_4.png,100.2816919952
genuine,Training__Digital_Persona__Live__008_2_5.png__a7097736__008_2_5.png,129.2238785648
genuine,Training__Digital_Persona__Live__008_2_6.png__8dc13462__008_2_6.png,73.4998975874
genuine,Training__Digital_Persona__Live__008_2_7.png__d6536923__008_2_7.png,86.8515836519
genuine,Training__Digital_Persona__Live__008_2_8.png__0dc51968__008_2_8.png,88.206373861
genuine,Training__Digital_Persona__Live__008_2_9.png__8ea657c8__008_2_9.png,72.7634701867
genuine,Training__Digital_Persona__Live__008_3_4.png__9f436430__008_3_4.png,55.9090767308
genuine,Training__Digital_Persona__Live__008_3_5.png__5453849a__008_3_5.png,50.4139722069
genuine,Training__Digital_Persona__Live__008_3_6.png__9d9ac675__008_3_6.png,68.5284869024
genuine,Training__Digital_Persona__Live__008_3_7.png__d04b0c4b__008_3_7.png,58.6175998288
genuine,Training__Digital_Persona__Live__008_3_8.png__6d8554c0__008_3_8.png,27.1989013219
genuine,Training__Digital_Persona__Live__008_3_9.png__63620782__008_3_9.png,50.8905580431
genuine,Training__Digital_Persona__Live__008_4_4.png__b97804f1__008_4_4.png,69.5995080492
genuine,Training__Digital_Persona__Live__008_4_5.png__3700a520__008_4_5.png,58.7535153149
genuine,Training__Digital_Persona__Live__008_4_6.png__0417d680__008_4_6.png,49.9132239889
genuine,Training__Digital_Persona__Live__008_4_7.png__9bca4c9b__008_4_7.png,63.4816423169
genuine,Training__Digital_Persona__Live__008_4_8.png__1ea36ada__008_4_8.png,63.1328871436
genuine,Training__Digital_Persona__Live__008_4_9.png__3c8a30a4__008_4_9.png,68.0838068096
genuine,Training__Digital_Persona__Live__008_5_4.png__a2ef9593__008_5_4.png,154.411332802
genuine,Training__Digital_Persona__Live__008_5_5.png__3ba71d8f__008_5_5.png,144.8045070533
genuine,Training__Digital_Persona__Live__008_5_6.png__f52085b9__008_5_6.png,46.1907507041
genuine,Training__Digital_Persona__Live__008_5_7.png__1d5a9957__008_5_7.png,91.7800247015
genuine,Training__Digital_Persona__Live__008_5_8.png__990328eb__008_5_8.png,94.272755678
genuine,Training__Digital_Persona__Live__008_5_9.png__2998449a__008_5_9.png,124.3152503027
genuine,Training__Digital_Persona__Live__008_6_4.png__54616d79__008_6_4.png,131.8493801433
genuine,Training__Digital_Persona__Live__008_6_5.png__3b044bec__008_6_5.png,116.7739652579
genuine,Training__Digital_Persona__Live__008_6_6.png__8b6e7e64__008_6_6.png,46.4254070274
genuine,Training__Digital_Persona__Live__008_6_7.png__08d1f263__008_6_7.png,89.3869998895
genuine,Training__Digital_Persona__Live__008_6_8.png__65520510__008_6_8.png,109.0442293584
genuine,Training__Digital_Persona__Live__008_6_9.png__84714e51__008_6_9.png,125.0221043901
genuine,Training__Digital_Persona__Live__008_7_4.png__06099751__008_7_4.png,71.491092186
genuine,Training__Digital_Persona__Live__008_7_5.png__0662582b__008_7_5.png,21.8803109885
genuine,Training__Digital_Persona__Live__008_7_6.png__6c19956f__008_7_6.png,7.7582406163
genuine,Training__Digital_Persona__Live__008_7_7.png__3b69500c__008_7_7.png,53.5278637022
genuine,Training__Digital_Persona__Live__008_7_8.png__2dcacfdf__008_7_8.png,28.3013158458
genuine,Training__Digital_Persona__Live__008_7_9.png__60542514__008_7_9.png,29.9793185176
genuine,Training__Digital_Persona__Live__008_8_4.png__54167e21__008_8_4.png,33.1821255596
genuine,Training__Digital_Persona__Live__008_8_5.png__262d51d3__008_8_5.png,73.8350763664
genuine,Training__Digital_Persona__Live__008_8_6.png__dbea8c4b__008_8_6.png,17.142434142
genuine,Training__Digital_Persona__Live__008_8_7.png__16dd1d2f__008_8_7.png,55.0289017774
genuine,Training__Digital_Persona__Live__008_8_8.png__a1b0b353__008_8_8.png,34.0099261869
genuine,Training__Digital_Persona__Live__008_8_9.png__b65b47e1__008_8_9.png,28.9872795276
genuine,Training__Digital_Persona__Live__008_9_4.png__0171c12a__008_9_4.png,27.1932734047
genuine,Training__Digital_Persona__Live__008_9_5.png__cd7b0862__008_9_5.png,55.826857803
genuine,Training__Digital_Persona__Live__008_9_6.png__8710abab__008_9_6.png,3.5395235919
genuine,Training__Digital_Persona__Live__008_9_7.png__5a7c6ad1__008_9_7.png,44.6186377455
genuine,Training__Digital_Persona__Live__008_9_8.png__bf653af2__008_9_8.png,24.2770067271
genuine,Training__Digital_Persona__Live__008_9_9.png__1647f802__008_9_9.png,46.3576411716
genuine,Training__Digital_Persona__Live__010_0_4.png__8e94adf1__010_0_4.png,112.4375132755
genuine,Training__Digital_Persona__Live__010_0_5.png__20b38309__010_0_5.png,93.7042658473
genuine,Training__Digital_Persona__Live__010_0_6.png__ed080c34__010_0_6.png,52.426932215
genuine,Training__Digital_Persona__Live__010_0_7.png__333bf5bf__010_0_7.png,159.2002987756
genuine,Training__Digital_Persona__Live__010_0_8.png__99a54156__010_0_8.png,77.2077148734
genuine,Training__Digital_Persona__Live__010_0_9.png__9daa843f__010_0_9.png,143.8225510427
genuine,Training__Digital_Persona__Live__010_1_4.png__793cf480__010_1_4.png,122.0014799517
genuine,Training__Digital_Persona__Live__010_1_5.png__d9d42192__010_1_5.png,110.3441290397
genuine,Training__Digital_Persona__Live__010_1_6.png__753b4569__010_1_6.png,28.0814976378
genuine,Training__Digital_Persona__Live__010_1_7.png__2b74a303__010_1_7.png,108.9812921489
genuine,Training__Digital_Persona__Live__010_1_8.png__2e32281e__010_1_8.png,84.1809489957
genuine,Training__Digital_Persona__Live__010_1_9.png__6705ae28__010_1_9.png,140.6280004413
genuine,Training__Digital_Persona__Live__010_2_4.png__aff495e9__010_2_4.png,139.7701937933
genuine,Training__Digital_Persona__Live__010_2_5.png__f6afdbf5__010_2_5.png,72.4381950873
genuine,Training__Digital_Persona__Live__010_2_6.png__17a4d18e__010_2_6.png,65.2916680812
genuine,Training__Digital_Persona__Live__010_2_7.png__b9eff58c__010_2_7.png,100.7400268447
genuine,Training__Digital_Persona__Live__010_2_8.png__f44b67db__010_2_8.png,73.8522140662
genuine,Training__Digital_Persona__Live__010_2_9.png__71b2c404__010_2_9.png,93.305267771
genuine,Training__Digital_Persona__Live__010_3_4.png__42c07d4e__010_3_4.png,88.5385309752
genuine,Training__Digital_Persona__Live__010_3_5.png__6fb1f017__010_3_5.png,99.9355056156
genuine,Training__Digital_Persona__Live__010_3_6.png__2bd3e103__010_3_6.png,48.006883898
genuine,Training__Digital_Persona__Live__010_3_7.png__a72ac463__010_3_7.png,54.7791400622
genuine,Training__Digital_Persona__Live__010_3_8.png__2d806e65__010_3_8.png,42.3762397841
genuine,Training__Digital_Persona__Live__010_3_9.png__e9787454__010_3_9.png,91.0594293501
genuine,Training__Digital_Persona__Live__010_4_4.png__b7751214__010_4_4.png,24.6733608301
genuine,Training__Digital_Persona__Live__010_4_5.png__d3cd3637__010_4_5.png,11.7479010648
genuine,Training__Digital_Persona__Live__010_4_6.png__e06f1cb6__010_4_6.png,1.7629617419
genuine,Training__Digital_Persona__Live__010_4_7.png__eab66317__010_4_7.png,46.544763614
genuine,Training__Digital_Persona__Live__010_4_8.png__7de6d479__010_4_8.png,25.5765346373
genuine,Training__Digital_Persona__Live__010_4_9.png__d8959fd4__010_4_9.png,27.0361866195
genuine,Training__Digital_Persona__Live__010_5_4.png__9f771a8e__010_5_4.png,111.3685431505
genuine,Training__Digital_Persona__Live__010_5_5.png__e8981a87__010_5_5.png,93.5046623342
genuine,Training__Digital_Persona__Live__010_5_6.png__11a6bee5__010_5_6.png,65.008878328
genuine,Training__Digital_Persona__Live__010_5_7.png__b2a05674__010_5_7.png,120.5942986359
genuine,Training__Digital_Persona__Live__010_5_8.png__e3c2dad9__010_5_8.png,84.8358889301
genuine,Training__Digital_Persona__Live__010_5_9.png__1a37768a__010_5_9.png,126.0090282189
genuine,Training__Digital_Persona__Live__010_6_4.png__65d6d5fa__010_6_4.png,117.5791156646
genuine,Training__Digital_Persona__Live__010_6_5.png__9180cfe1__010_6_5.png,138.120859671
genuine,Training__Digital_Persona__Live__010_6_6.png__5e26e390__010_6_6.png,77.9757077103
genuine,Training__Digital_Persona__Live__010_6_7.png__52e3a950__010_6_7.png,153.7194507696
genuine,Training__Digital_Persona__Live__010_6_8.png__7978fc22__010_6_8.png,114.1960246106
genuine,Training__Digital_Persona__Live__010_6_9.png__ccf05300__010_6_9.png,59.5286696057
genuine,Training__Digital_Persona__Live__010_7_4.png__89ab2940__010_7_4.png,139.6090160669
genuine,Training__Digital_Persona__Live__010_7_5.png__fd9b6791__010_7_5.png,134.8088296801
genuine,Training__Digital_Persona__Live__010_7_6.png__4ed7f449__010_7_6.png,89.1055949513
genuine,Training__Digital_Persona__Live__010_7_7.png__e165b9dd__010_7_7.png,133.6310900353
genuine,Training__Digital_Persona__Live__010_7_8.png__a640d330__010_7_8.png,125.1405135052
genuine,Training__Digital_Persona__Live__010_7_9.png__b7f80c81__010_7_9.png,151.9063318004
genuine,Training__Digital_Persona__Live__010_8_4.png__509818b3__010_8_4.png,27.8241187058
genuine,Training__Digital_Persona__Live__010_8_5.png__4f09162d__010_8_5.png,48.746833827
genuine,Training__Digital_Persona__Live__010_8_6.png__3d883391__010_8_6.png,7.0022215548
genuine,Training__Digital_Persona__Live__010_8_7.png__3e38bb2a__010_8_7.png,39.966303891
genuine,Training__Digital_Persona__Live__010_8_8.png__8ce26a52__010_8_8.png,53.9520848679
genuine,Training__Digital_Persona__Live__010_8_9.png__297d1c8a__010_8_9.png,43.7009470325
genuine,Training__Digital_Persona__Live__010_9_4.png__a902aa10__010_9_4.png,141.5941236267
genuine,Training__Digital_Persona__Live__010_9_5.png__f0bc6b33__010_9_5.png,196.2680265374
genuine,Training__Digital_Persona__Live__010_9_6.png__f1c1fd93__010_9_6.png,26.3717456181
genuine,Training__Digital_Persona__Live__010_9_7.png__76ce06f1__010_9_7.png,202.4815234061
genuine,Training__Digital_Persona__Live__010_9_8.png__10857fe2__010_9_8.png,115.8487224595
genuine,Training__Digital_Persona__Live__010_9_9.png__c01d4fae__010_9_9.png,146.6802869351
genuine,Training__Digital_Persona__Live__011_0_4.png__c36c504e__011_0_4.png,112.3234034428
genuine,Training__Digital_Persona__Live__011_0_5.png__603c8861__011_0_5.png,193.6593910265
genuine,Training__Digital_Persona__Live__011_0_6.png__6a268817__011_0_6.png,126.811706402
genuine,Training__Digital_Persona__Live__011_0_7.png__f7a7ac68__011_0_7.png,145.2381249358
genuine,Training__Digital_Persona__Live__011_0_8.png__085dfdf5__011_0_8.png,58.621573444
genuine,Training__Digital_Persona__Live__011_0_9.png__77113a7f__011_0_9.png,85.7862596025
genuine,Training__Digital_Persona__Live__011_1_4.png__fd2dfc77__011_1_4.png,137.5713933956
genuine,Training__Digital_Persona__Live__011_1_5.png__231dc100__011_1_5.png,182.6711730996
genuine,Training__Digital_Persona__Live__011_1_6.png__dab81f5b__011_1_6.png,173.0599980451
genuine,Training__Digital_Persona__Live__011_1_7.png__481d9fa9__011_1_7.png,130.0599709855
genuine,Training__Digital_Persona__Live__011_1_8.png__69e3ee1e__011_1_8.png,203.6134662375
genuine,Training__Digital_Persona__Live__011_1_9.png__caeb3084__011_1_9.png,136.018064495
genuine,Training__Digital_Persona__Live__011_2_4.png__bbb3dd40__011_2_4.png,140.2771389731
genuine,Training__Digital_Persona__Live__011_2_5.png__0b1a947c__011_2_5.png,112.5108646925
genuine,Training__Digital_Persona__Live__011_2_6.png__7d87cf02__011_2_6.png,76.692732562
genuine,Training__Digital_Persona__Live__011_2_7.png__c0e208f1__011_2_7.png,45.2808309421
genuine,Training__Digital_Persona__Live__011_2_8.png__ae4c041c__011_2_8.png,79.7830107161
genuine,Training__Digital_Persona__Live__011_2_9.png__0d629890__011_2_9.png,113.4676714733
genuine,Training__Digital_Persona__Live__011_3_4.png__aca92b45__011_3_4.png,52.3029740181
genuine,Training__Digital_Persona__Live__011_3_5.png__c4e4c7fa__011_3_5.png,45.7496880039
genuine,Training__Digital_Persona__Live__011_3_6.png__4cab7d44__011_3_6.png,28.9860097631
genuine,Training__Digital_Persona__Live__011_3_7.png__87985bb1__011_3_7.png,46.1303879455
genuine,Training__Digital_Persona__Live__011_3_8.png__4ed60b43__011_3_8.png,43.4055680959
genuine,Training__Digital_Persona__Live__011_3_9.png__3d7cf816__011_3_9.png,55.6174393046
genuine,Training__Digital_Persona__Live__011_4_4.png__aa675deb__011_4_4.png,37.4463452049
genuine,Training__Digital_Persona__Live__011_4_5.png__9443717b__011_4_5.png,16.8661920101
genuine,Training__Digital_Persona__Live__011_4_6.png__edb25201__011_4_6.png,34.4299507014
genuine,Training__Digital_Persona__Live__011_4_7.png__7a391b70__011_4_7.png,26.5878463292
genuine,Training__Digital_Persona__Live__011_4_8.png__195ec405__011_4_8.png,30.6339572623
genuine,Training__Digital_Persona__Live__011_4_9.png__79153f6d__011_4_9.png,27.089281166
genuine,Training__Digital_Persona__Live__011_5_4.png__ae28ea28__011_5_4.png,139.5962536426
genuine,Training__Digital_Persona__Live__011_5_5.png__a99c8dec__011_5_5.png,179.0597447695
genuine,Training__Digital_Persona__Live__011_5_6.png__f667db97__011_5_6.png,128.1305945467
genuine,Training__Digital_Persona__Live__011_5_7.png__6c5524b2__011_5_7.png,121.425914594
genuine,Training__Digital_Persona__Live__011_5_8.png__613c484f__011_5_8.png,128.7616235882
genuine,Training__Digital_Persona__Live__011_5_9.png__b9ec997a__011_5_9.png,78.8224199154
genuine,Training__Digital_Persona__Live__011_6_4.png__9214087f__011_6_4.png,261.9135248595
genuine,Training__Digital_Persona__Live__011_6_5.png__8e608560__011_6_5.png,280.1658053497
genuine,Training__Digital_Persona__Live__011_6_6.png__f1abe420__011_6_6.png,222.7880105315
genuine,Training__Digital_Persona__Live__011_6_7.png__5fe46966__011_6_7.png,180.0693610635
genuine,Training__Digital_Persona__Live__011_6_8.png__50cbc772__011_6_8.png,169.0398225631
genuine,Training__Digital_Persona__Live__011_6_9.png__0fa42bbf__011_6_9.png,191.7554611494
genuine,Training__Digital_Persona__Live__011_7_4.png__9bcccd0f__011_7_4.png,144.2893825534
genuine,Training__Digital_Persona__Live__011_7_5.png__0f0b10fb__011_7_5.png,169.7140247206
genuine,Training__Digital_Persona__Live__011_7_6.png__1864b2de__011_7_6.png,82.0897465107
genuine,Training__Digital_Persona__Live__011_7_7.png__393bccda__011_7_7.png,153.7834612974
genuine,Training__Digital_Persona__Live__011_7_8.png__ded43514__011_7_8.png,117.2589646865
genuine,Training__Digital_Persona__Live__011_7_9.png__d64860a9__011_7_9.png,130.4361837429
genuine,Training__Digital_Persona__Live__011_8_4.png__146930bb__011_8_4.png,25.8521725128
genuine,Training__Digital_Persona__Live__011_8_5.png__f734054c__011_8_5.png,31.6361341683
genuine,Training__Digital_Persona__Live__011_8_6.png__51a68b30__011_8_6.png,27.4212644706
genuine,Training__Digital_Persona__Live__011_8_7.png__51f40efa__011_8_7.png,53.4744764538
genuine,Training__Digital_Persona__Live__011_8_8.png__c7505bc0__011_8_8.png,7.8999340728
genuine,Training__Digital_Persona__Live__011_8_9.png__563693ee__011_8_9.png,27.7086357985
genuine,Training__Digital_Persona__Live__011_9_4.png__eb15896f__011_9_4.png,45.155091409
genuine,Training__Digital_Persona__Live__011_9_5.png__2a9df73e__011_9_5.png,65.6148408176
genuine,Training__Digital_Persona__Live__011_9_6.png__07b90632__011_9_6.png,68.3917278141
genuine,Training__Digital_Persona__Live__011_9_7.png__8fe98d80__011_9_7.png,41.9498638525
genuine,Training__Digital_Persona__Live__011_9_8.png__dc89a980__011_9_8.png,34.2891068629
genuine,Training__Digital_Persona__Live__011_9_9.png__33a3b683__011_9_9.png,37.9798816141
genuine,Training__Digital_Persona__Live__012_0_4.png__18e20951__012_0_4.png,22.9987825333
genuine,Training__Digital_Persona__Live__012_0_5.png__a450cd8a__012_0_5.png,47.0932769192
genuine,Training__Digital_Persona__Live__012_0_6.png__b988f1ed__012_0_6.png,13.5071490137
genuine,Training__Digital_Persona__Live__012_0_7.png__6c6c9c77__012_0_7.png,126.3935332373
genuine,Training__Digital_Persona__Live__012_0_8.png__804ae86e__012_0_8.png,93.151173878
genuine,Training__Digital_Persona__Live__012_0_9.png__50ca0a5c__012_0_9.png,81.2488536765
genuine,Training__Digital_Persona__Live__012_1_4.png__5e2807a8__012_1_4.png,54.7218383067
genuine,Training__Digital_Persona__Live__012_1_5.png__fd01faee__012_1_5.png,85.9214892345
genuine,Training__Digital_Persona__Live__012_1_6.png__6125947e__012_1_6.png,39.7693803526
genuine,Training__Digital_Persona__Live__012_1_7.png__1bee00d6__012_1_7.png,102.849541129
genuine,Training__Digital_Persona__Live__012_1_8.png__e942e606__012_1_8.png,51.6511203405
genuine,Training__Digital_Persona__Live__012_1_9.png__994e7469__012_1_9.png,45.6829425791
genuine,Training__Digital_Persona__Live__012_2_4.png__efc70e55__012_2_4.png,73.2886793248
genuine,Training__Digital_Persona__Live__012_2_5.png__b373cc4f__012_2_5.png,23.2650825108
genuine,Training__Digital_Persona__Live__012_2_6.png__4f27f9d8__012_2_6.png,49.2690930552
genuine,Training__Digital_Persona__Live__012_2_7.png__8a03d8df__012_2_7.png,124.6137125961
genuine,Training__Digital_Persona__Live__012_2_8.png__f68bb88c__012_2_8.png,115.1781450804
genuine,Training__Digital_Persona__Live__012_2_9.png__66da23b6__012_2_9.png,99.0052305572
genuine,Training__Digital_Persona__Live__012_3_4.png__b90e2963__012_3_4.png,52.5349890389
genuine,Training__Digital_Persona__Live__012_3_5.png__a6608074__012_3_5.png,62.0552290435
genuine,Training__Digital_Persona__Live__012_3_6.png__cdb482ee__012_3_6.png,10.9834602319
genuine,Training__Digital_Persona__Live__012_3_7.png__0dbe1b28__012_3_7.png,89.8710413657
genuine,Training__Digital_Persona__Live__012_3_8.png__f1f51924__012_3_8.png,65.9359512457
genuine,Training__Digital_Persona__Live__012_3_9.png__4b9af5cc__012_3_9.png,44.1359386979
genuine,Training__Digital_Persona__Live__012_4_4.png__ef83cb79__012_4_4.png,90.5665606859
genuine,Training__Digital_Persona__Live__012_4_5.png__71a20298__012_4_5.png,107.1837816525
genuine,Training__Digital_Persona__Live__012_4_6.png__1d2a58d5__012_4_6.png,34.8513807606
genuine,Training__Digital_Persona__Live__012_4_7.png__85cc0942__012_4_7.png,26.1595078951
genuine,Training__Digital_Persona__Live__012_4_8.png__793f0e08__012_4_8.png,88.4291957845
genuine,Training__Digital_Persona__Live__012_4_9.png__f8ac2632__012_4_9.png,98.4982045004
genuine,Training__Digital_Persona__Live__012_5_4.png__c0ef794e__012_5_4.png,114.4967433451
genuine,Training__Digital_Persona__Live__012_5_5.png__9a6c4c53__012_5_5.png,114.1682278591
genuine,Training__Digital_Persona__Live__012_5_6.png__f98a7b45__012_5_6.png,152.135666176
genuine,Training__Digital_Persona__Live__012_5_7.png__0108300d__012_5_7.png,117.3609665298
genuine,Training__Digital_Persona__Live__012_5_8.png__3d294558__012_5_8.png,144.040718882
genuine,Training__Digital_Persona__Live__012_5_9.png__8f786ad4__012_5_9.png,161.8262828084
genuine,Training__Digital_Persona__Live__012_6_4.png__bcfe7600__012_6_4.png,134.2869751402
genuine,Training__Digital_Persona__Live__012_6_5.png__0343a31a__012_6_5.png,170.2400626492
genuine,Training__Digital_Persona__Live__012_6_6.png__22f844f8__012_6_6.png,106.4805287713
genuine,Training__Digital_Persona__Live__012_6_7.png__2dafc3cd__012_6_7.png,145.1766672793
genuine,Training__Digital_Persona__Live__012_6_8.png__e06cc229__012_6_8.png,175.5999668132
genuine,Training__Digital_Persona__Live__012_6_9.png__88d8f400__012_6_9.png,145.4954639819
genuine,Training__Digital_Persona__Live__012_7_4.png__5d9d5f00__012_7_4.png,224.947387841
genuine,Training__Digital_Persona__Live__012_7_5.png__1261eeb2__012_7_5.png,139.9857155961
genuine,Training__Digital_Persona__Live__012_7_6.png__34b16c1c__012_7_6.png,131.6538471322
genuine,Training__Digital_Persona__Live__012_7_7.png__2a23aab3__012_7_7.png,116.0479590788
genuine,Training__Digital_Persona__Live__012_7_8.png__660be3a2__012_7_8.png,133.0803480142
genuine,Training__Digital_Persona__Live__012_7_9.png__76127c3d__012_7_9.png,149.4907454455
genuine,Training__Digital_Persona__Live__012_8_4.png__ea0c3e1b__012_8_4.png,120.4994313969
genuine,Training__Digital_Persona__Live__012_8_5.png__4ed92aec__012_8_5.png,89.1125860597
genuine,Training__Digital_Persona__Live__012_8_6.png__5e53173a__012_8_6.png,6.4640049462
genuine,Training__Digital_Persona__Live__012_8_7.png__e0792e4b__012_8_7.png,71.3286938007
genuine,Training__Digital_Persona__Live__012_8_8.png__7e7c61f8__012_8_8.png,144.3575186286
genuine,Training__Digital_Persona__Live__012_8_9.png__b51e6772__012_8_9.png,92.609392543
genuine,Training__Digital_Persona__Live__012_9_4.png__5baed9bb__012_9_4.png,149.767818731
genuine,Training__Digital_Persona__Live__012_9_5.png__a068e9ae__012_9_5.png,146.371593522
genuine,Training__Digital_Persona__Live__012_9_6.png__8c1677f2__012_9_6.png,50.5742670254
genuine,Training__Digital_Persona__Live__012_9_7.png__28ada2a4__012_9_7.png,98.2182768562
genuine,Training__Digital_Persona__Live__012_9_8.png__4449a0d2__012_9_8.png,91.577845509
genuine,Training__Digital_Persona__Live__012_9_9.png__ab837c7a__012_9_9.png,74.957235132
genuine,Training__Digital_Persona__Live__014_0_4.png__33674cfc__014_0_4.png,143.3426373047
genuine,Training__Digital_Persona__Live__014_0_5.png__4b52ab1c__014_0_5.png,76.609356693
genuine,Training__Digital_Persona__Live__014_0_6.png__6e5b23e3__014_0_6.png,243.3411295122
genuine,Training__Digital_Persona__Live__014_0_7.png__93f607ce__014_0_7.png,155.1156121397
genuine,Training__Digital_Persona__Live__014_0_8.png__c107dfef__014_0_8.png,96.228256697
genuine,Training__Digital_Persona__Live__014_0_9.png__11011f99__014_0_9.png,234.2952114264
genuine,Training__Digital_Persona__Live__014_1_4.png__b00ba7b8__014_1_4.png,62.8280309875
genuine,Training__Digital_Persona__Live__014_1_5.png__2eb3b1a2__014_1_5.png,102.6725262536
genuine,Training__Digital_Persona__Live__014_1_6.png__0f7f724e__014_1_6.png,59.5939795715
genuine,Training__Digital_Persona__Live__014_1_7.png__dedeecc1__014_1_7.png,79.3880411034
genuine,Training__Digital_Persona__Live__014_1_8.png__0a1cc776__014_1_8.png,112.5194039153
genuine,Training__Digital_Persona__Live__014_1_9.png__5822997b__014_1_9.png,199.2437493659
genuine,Training__Digital_Persona__Live__014_2_4.png__c7bdc28c__014_2_4.png,59.1390477828
genuine,Training__Digital_Persona__Live__014_2_5.png__25a91221__014_2_5.png,14.9116683272
genuine,Training__Digital_Persona__Live__014_2_6.png__14858f2b__014_2_6.png,89.3737033607
genuine,Training__Digital_Persona__Live__014_2_7.png__65db5b0b__014_2_7.png,30.7011139639
genuine,Training__Digital_Persona__Live__014_2_8.png__c0df38be__014_2_8.png,77.7790215215
genuine,Training__Digital_Persona__Live__014_2_9.png__2887736f__014_2_9.png,41.5851628372
genuine,Training__Digital_Persona__Live__014_3_4.png__1e66768f__014_3_4.png,75.89158491
genuine,Training__Digital_Persona__Live__014_3_5.png__30b04430__014_3_5.png,13.7633546485
genuine,Training__Digital_Persona__Live__014_3_6.png__01ad4348__014_3_6.png,74.9739827811
genuine,Training__Digital_Persona__Live__014_3_7.png__8f94ca2e__014_3_7.png,90.7576107542
genuine,Training__Digital_Persona__Live__014_3_8.png__f8d7f378__014_3_8.png,72.7863013807
genuine,Training__Digital_Persona__Live__014_3_9.png__a6e773bf__014_3_9.png,63.3919073991
genuine,Training__Digital_Persona__Live__014_4_4.png__0216fa5e__014_4_4.png,38.7109386918
genuine,Training__Digital_Persona__Live__014_4_5.png__963b7b57__014_4_5.png,92.8293441806
genuine,Training__Digital_Persona__Live__014_4_6.png__6b64639d__014_4_6.png,35.2471886135
genuine,Training__Digital_Persona__Live__014_4_7.png__291259ba__014_4_7.png,15.7486581321
genuine,Training__Digital_Persona__Live__014_4_8.png__ccc06b13__014_4_8.png,68.740255478
genuine,Training__Digital_Persona__Live__014_4_9.png__16c67b2b__014_4_9.png,38.1358225165
genuine,Training__Digital_Persona__Live__014_5_4.png__e092777f__014_5_4.png,161.4601311498
genuine,Training__Digital_Persona__Live__014_5_5.png__a1037d9d__014_5_5.png,202.9748415979
genuine,Training__Digital_Persona__Live__014_5_6.png__6eca9d6c__014_5_6.png,90.3474837027
genuine,Training__Digital_Persona__Live__014_5_7.png__4bf71776__014_5_7.png,68.8298501967
genuine,Training__Digital_Persona__Live__014_5_8.png__2f374763__014_5_8.png,111.9709316508
genuine,Training__Digital_Persona__Live__014_5_9.png__349b1cfc__014_5_9.png,148.8085875893
genuine,Training__Digital_Persona__Live__014_6_4.png__26e5c4ae__014_6_4.png,139.3733538469
genuine,Training__Digital_Persona__Live__014_6_5.png__6aeaa472__014_6_5.png,43.6159342064
genuine,Training__Digital_Persona__Live__014_6_6.png__6d879b57__014_6_6.png,69.8958998536
genuine,Training__Digital_Persona__Live__014_6_7.png__37e2ef09__014_6_7.png,71.3747435205
genuine,Training__Digital_Persona__Live__014_6_8.png__4a05ed01__014_6_8.png,83.7905042379
genuine,Training__Digital_Persona__Live__014_6_9.png__a19b801b__014_6_9.png,125.6519922261
genuine,Training__Digital_Persona__Live__014_7_4.png__f4cbafd0__014_7_4.png,41.7757820625
genuine,Training__Digital_Persona__Live__014_7_5.png__c976876b__014_7_5.png,34.812793858
genuine,Training__Digital_Persona__Live__014_7_6.png__18162e16__014_7_6.png,52.8188172474
genuine,Training__Digital_Persona__Live__014_7_7.png__db820fef__014_7_7.png,66.9446450775
genuine,Training__Digital_Persona__Live__014_7_8.png__30f3b11b__014_7_8.png,84.4454233904
genuine,Training__Digital_Persona__Live__014_7_9.png__463d7367__014_7_9.png,91.4640224751
genuine,Training__Digital_Persona__Live__014_8_4.png__c559e98b__014_8_4.png,3.9759743278
genuine,Training__Digital_Persona__Live__014_8_5.png__1cd72f11__014_8_5.png,23.6333455083
genuine,Training__Digital_Persona__Live__014_8_6.png__9ac6a46e__014_8_6.png,81.5871935085
genuine,Training__Digital_Persona__Live__014_8_7.png__d26d1698__014_8_7.png,25.6347204622
genuine,Training__Digital_Persona__Live__014_8_8.png__da43a3f6__014_8_8.png,16.8674406991
genuine,Training__Digital_Persona__Live__014_8_9.png__b38a884a__014_8_9.png,42.9501836527
genuine,Training__Digital_Persona__Live__014_9_4.png__1ab48539__014_9_4.png,33.5264875241
genuine,Training__Digital_Persona__Live__014_9_5.png__14d30b40__014_9_5.png,78.5935337689
genuine,Training__Digital_Persona__Live__014_9_6.png__c5279c4d__014_9_6.png,49.3505091555
genuine,Training__Digital_Persona__Live__014_9_7.png__6ef044ba__014_9_7.png,3.8828774009
genuine,Training__Digital_Persona__Live__014_9_8.png__60d66254__014_9_8.png,20.5471616487
genuine,Training__Digital_Persona__Live__014_9_9.png__6b6335f9__014_9_9.png,35.6685401109
genuine,Training__Digital_Persona__Live__019_0_4.png__b0445344__019_0_4.png,78.2746285095
genuine,Training__Digital_Persona__Live__019_0_5.png__e1d9ee5a__019_0_5.png,92.6193080828
genuine,Training__Digital_Persona__Live__019_0_6.png__b0586083__019_0_6.png,93.8091442382
genuine,Training__Digital_Persona__Live__019_0_7.png__709491b4__019_0_7.png,89.1233304943
genuine,Training__Digital_Persona__Live__019_0_8.png__a0d797c2__019_0_8.png,80.5486981371
genuine,Training__Digital_Persona__Live__019_0_9.png__10959726__019_0_9.png,65.9213861364
genuine,Training__Digital_Persona__Live__019_1_4.png__9ebc33b5__019_1_4.png,167.4617898037
genuine,Training__Digital_Persona__Live__019_1_5.png__a20afa53__019_1_5.png,129.6814340589
genuine,Training__Digital_Persona__Live__019_1_6.png__3efd1966__019_1_6.png,59.731789316
genuine,Training__Digital_Persona__Live__019_1_7.png__c4765ff1__019_1_7.png,57.5912400722
genuine,Training__Digital_Persona__Live__019_1_8.png__e9cbbf1b__019_1_8.png,136.8651927023
genuine,Training__Digital_Persona__Live__019_1_9.png__4d751f22__019_1_9.png,144.6622493369
genuine,Training__Digital_Persona__Live__019_2_4.png__beaebb29__019_2_4.png,151.4259860951
genuine,Training__Digital_Persona__Live__019_2_5.png__53322929__019_2_5.png,136.9574184956
genuine,Training__Digital_Persona__Live__019_2_6.png__6a38d043__019_2_6.png,122.8545248043
genuine,Training__Digital_Persona__Live__019_2_7.png__b631a867__019_2_7.png,102.5745215854
genuine,Training__Digital_Persona__Live__019_2_8.png__f4232223__019_2_8.png,120.8813206826
genuine,Training__Digital_Persona__Live__019_2_9.png__715831a6__019_2_9.png,64.3524789587
genuine,Training__Digital_Persona__Live__019_3_4.png__fa591610__019_3_4.png,124.0570947365
genuine,Training__Digital_Persona__Live__019_3_5.png__6089cfcc__019_3_5.png,86.3881474389
genuine,Training__Digital_Persona__Live__019_3_6.png__704bb432__019_3_6.png,77.6341018237
genuine,Training__Digital_Persona__Live__019_3_7.png__96be8477__019_3_7.png,42.8846206485
genuine,Training__Digital_Persona__Live__019_3_8.png__76b69304__019_3_8.png,117.9251552649
genuine,Training__Digital_Persona__Live__019_3_9.png__b8ba4525__019_3_9.png,76.1222714949
genuine,Training__Digital_Persona__Live__019_4_4.png__3dde222a__019_4_4.png,39.137415954
genuine,Training__Digital_Persona__Live__019_4_5.png__9760b50e__019_4_5.png,33.3166102336
genuine,Training__Digital_Persona__Live__019_4_6.png__494ee2f6__019_4_6.png,32.8214899038
genuine,Training__Digital_Persona__Live__019_4_7.png__c34b4b51__019_4_7.png,3.5863354102
genuine,Training__Digital_Persona__Live__019_4_8.png__a5767660__019_4_8.png,43.8953196839
genuine,Training__Digital_Persona__Live__019_4_9.png__cac328b5__019_4_9.png,33.1887507025
genuine,Training__Digital_Persona__Live__019_5_4.png__094305a4__019_5_4.png,140.9477076941
genuine,Training__Digital_Persona__Live__019_5_5.png__b148811e__019_5_5.png,110.7785459214
genuine,Training__Digital_Persona__Live__019_5_6.png__34b83aa4__019_5_6.png,109.6414977676
genuine,Training__Digital_Persona__Live__019_5_7.png__edb343ca__019_5_7.png,120.1068819124
genuine,Training__Digital_Persona__Live__019_5_8.png__29e87df6__019_5_8.png,142.1067971873
genuine,Training__Digital_Persona__Live__019_5_9.png__fd6e06ea__019_5_9.png,37.9932231932
genuine,Training__Digital_Persona__Live__019_6_4.png__605d013b__019_6_4.png,25.6722203989
genuine,Training__Digital_Persona__Live__019_6_5.png__8ff31e92__019_6_5.png,78.8377647321
genuine,Training__Digital_Persona__Live__019_6_6.png__6c129bca__019_6_6.png,120.0849075066
genuine,Training__Digital_Persona__Live__019_6_7.png__d1547aac__019_6_7.png,19.1228430815
genuine,Training__Digital_Persona__Live__019_6_8.png__0b014caa__019_6_8.png,25.2085129608
genuine,Training__Digital_Persona__Live__019_6_9.png__60c11e9f__019_6_9.png,55.5386869619
genuine,Training__Digital_Persona__Live__019_7_4.png__dd02b001__019_7_4.png,150.30374456
genuine,Training__Digital_Persona__Live__019_7_5.png__e7c125a6__019_7_5.png,123.6373896151
genuine,Training__Digital_Persona__Live__019_7_6.png__7f36b344__019_7_6.png,112.1091287075
genuine,Training__Digital_Persona__Live__019_7_7.png__d91934ee__019_7_7.png,67.4402799303
genuine,Training__Digital_Persona__Live__019_7_8.png__58c86473__019_7_8.png,138.0422396
genuine,Training__Digital_Persona__Live__019_7_9.png__66e6ebb1__019_7_9.png,102.5786305008
genuine,Training__Digital_Persona__Live__019_8_4.png__031a52db__019_8_4.png,101.9962018873
genuine,Training__Digital_Persona__Live__019_8_5.png__dc077c76__019_8_5.png,59.026805051
genuine,Training__Digital_Persona__Live__019_8_6.png__4052a2b7__019_8_6.png,31.8541043699
genuine,Training__Digital_Persona__Live__019_8_7.png__e5900567__019_8_7.png,29.559491348
genuine,Training__Digital_Persona__Live__019_8_8.png__0935bafe__019_8_8.png,81.3229870303
genuine,Training__Digital_Persona__Live__019_8_9.png__13af4ded__019_8_9.png,54.7758819928
genuine,Training__Digital_Persona__Live__019_9_4.png__357b6624__019_9_4.png,0.9917702924
genuine,Training__Digital_Persona__Live__019_9_5.png__a248cc03__019_9_5.png,77.069396419
genuine,Training__Digital_Persona__Live__019_9_6.png__41424715__019_9_6.png,12.5636687024
genuine,Training__Digital_Persona__Live__019_9_7.png__bbb8ce86__019_9_7.png,10.903085848
genuine,Training__Digital_Persona__Live__019_9_8.png__f370753d__019_9_8.png,40.1852338307
genuine,Training__Digital_Persona__Live__019_9_9.png__39a5a235__019_9_9.png,8.2423599727
genuine,Training__Digital_Persona__Live__021_0_4.png__a418b709__021_0_4.png,125.1758693199
genuine,Training__Digital_Persona__Live__021_0_5.png__bed055f5__021_0_5.png,76.2971906529
genuine,Training__Digital_Persona__Live__021_0_6.png__83916533__021_0_6.png,14.338543475
genuine,Training__Digital_Persona__Live__021_0_7.png__f9e3f687__021_0_7.png,92.1659773747
genuine,Training__Digital_Persona__Live__021_0_8.png__7148c24b__021_0_8.png,102.6216569241
genuine,Training__Digital_Persona__Live__021_0_9.png__ffae4997__021_0_9.png,41.2297983811
genuine,Training__Digital_Persona__Live__021_1_4.png__92dd0927__021_1_4.png,79.4182561238
genuine,Training__Digital_Persona__Live__021_1_5.png__d0d63363__021_1_5.png,37.4573214979
genuine,Training__Digital_Persona__Live__021_1_6.png__7fba76f5__021_1_6.png,36.4159471512
genuine,Training__Digital_Persona__Live__021_1_7.png__47182bb7__021_1_7.png,71.1932821371
genuine,Training__Digital_Persona__Live__021_1_8.png__a29cd957__021_1_8.png,40.5079834169
genuine,Training__Digital_Persona__Live__021_1_9.png__6fbe8a50__021_1_9.png,89.9130888077
genuine,Training__Digital_Persona__Live__021_2_4.png__03ac59d9__021_2_4.png,90.8858946017
genuine,Training__Digital_Persona__Live__021_2_5.png__73d4ce57__021_2_5.png,99.8350370379
genuine,Training__Digital_Persona__Live__021_2_6.png__ff15cad8__021_2_6.png,49.6389773414
genuine,Training__Digital_Persona__Live__021_2_7.png__9c01c144__021_2_7.png,99.7893307722
genuine,Training__Digital_Persona__Live__021_2_8.png__b03af19b__021_2_8.png,65.3425784181
genuine,Training__Digital_Persona__Live__021_2_9.png__a999955e__021_2_9.png,133.6824782864
genuine,Training__Digital_Persona__Live__021_3_4.png__4675a96f__021_3_4.png,70.7800400451
genuine,Training__Digital_Persona__Live__021_3_5.png__320216b0__021_3_5.png,75.1155362445
genuine,Training__Digital_Persona__Live__021_3_6.png__1b006ba8__021_3_6.png,65.0547920695
genuine,Training__Digital_Persona__Live__021_3_7.png__a271a390__021_3_7.png,122.8099671393
genuine,Training__Digital_Persona__Live__021_3_8.png__f0f7f7ee__021_3_8.png,25.4165973255
genuine,Training__Digital_Persona__Live__021_3_9.png__f72ab660__021_3_9.png,50.7405051655
genuine,Training__Digital_Persona__Live__021_4_4.png__eb8e9b53__021_4_4.png,66.6469523013
genuine,Training__Digital_Persona__Live__021_4_5.png__6551ae21__021_4_5.png,63.5790932537
genuine,Training__Digital_Persona__Live__021_4_6.png__27d7a330__021_4_6.png,31.3348543127
genuine,Training__Digital_Persona__Live__021_4_7.png__5bef0449__021_4_7.png,66.729961092
genuine,Training__Digital_Persona__Live__021_4_8.png__8c07e3f0__021_4_8.png,45.7759350915
genuine,Training__Digital_Persona__Live__021_4_9.png__9e472eb1__021_4_9.png,46.4270366588
genuine,Training__Digital_Persona__Live__021_5_4.png__8087ac7d__021_5_4.png,87.7350342044
genuine,Training__Digital_Persona__Live__021_5_5.png__3a3a998b__021_5_5.png,43.3845248657
genuine,Training__Digital_Persona__Live__021_5_6.png__ac840863__021_5_6.png,13.6525997925
genuine,Training__Digital_Persona__Live__021_5_7.png__5c7bb970__021_5_7.png,136.6111638063
genuine,Training__Digital_Persona__Live__021_5_8.png__c2566754__021_5_8.png,182.7226002962
genuine,Training__Digital_Persona__Live__021_5_9.png__9a99d59c__021_5_9.png,124.7747674589
genuine,Training__Digital_Persona__Live__021_6_4.png__b4dcb92e__021_6_4.png,111.6191363529
genuine,Training__Digital_Persona__Live__021_6_5.png__77796110__021_6_5.png,122.8113256724
genuine,Training__Digital_Persona__Live__021_6_6.png__84126497__021_6_6.png,80.1802095966
genuine,Training__Digital_Persona__Live__021_6_7.png__a5bee736__021_6_7.png,99.3927362443
genuine,Training__Digital_Persona__Live__021_6_8.png__14782d23__021_6_8.png,46.1565809574
genuine,Training__Digital_Persona__Live__021_6_9.png__a6fada6a__021_6_9.png,56.7649102135
genuine,Training__Digital_Persona__Live__021_7_4.png__9b4939dc__021_7_4.png,73.4281211372
genuine,Training__Digital_Persona__Live__021_7_5.png__43cbc1ce__021_7_5.png,111.5308158053
genuine,Training__Digital_Persona__Live__021_7_6.png__c9a72b6c__021_7_6.png,66.1699806241
genuine,Training__Digital_Persona__Live__021_7_7.png__31e57ec1__021_7_7.png,147.5235364103
genuine,Training__Digital_Persona__Live__021_7_8.png__b7dee517__021_7_8.png,60.8664514177
genuine,Training__Digital_Persona__Live__021_7_9.png__7afdad2c__021_7_9.png,78.6162126845
genuine,Training__Digital_Persona__Live__021_8_4.png__ca9caf5e__021_8_4.png,95.9270824331
genuine,Training__Digital_Persona__Live__021_8_5.png__4a44a391__021_8_5.png,52.1611194085
genuine,Training__Digital_Persona__Live__021_8_6.png__5b25f5f1__021_8_6.png,86.3564651459
genuine,Training__Digital_Persona__Live__021_8_7.png__e2497c6d__021_8_7.png,136.6223474256
genuine,Training__Digital_Persona__Live__021_8_8.png__2a7c91ee__021_8_8.png,80.6532374549
genuine,Training__Digital_Persona__Live__021_8_9.png__3acb9c0f__021_8_9.png,98.8892450063
genuine,Training__Digital_Persona__Live__021_9_4.png__b85388aa__021_9_4.png,21.6699406361
genuine,Training__Digital_Persona__Live__021_9_5.png__a0659ada__021_9_5.png,35.2373731611
genuine,Training__Digital_Persona__Live__021_9_6.png__59b8e01f__021_9_6.png,14.0969355404
genuine,Training__Digital_Persona__Live__021_9_7.png__0001a54c__021_9_7.png,72.153223192
genuine,Training__Digital_Persona__Live__021_9_8.png__3a851ea6__021_9_8.png,50.2313586785
genuine,Training__Digital_Persona__Live__021_9_9.png__3c5f6773__021_9_9.png,41.5237140481
impostor,Testing__Digital_Persona__Fake__Ecoflex__002_0_0.png__41a27633__002_0_0.png,74.987223483
impostor,Testing__Digital_Persona__Fake__Ecoflex__002_0_4.png__446e25e2__002_0_4.png,84.8501859121
impostor,Testing__Digital_Persona__Fake__Ecoflex__002_0_5.png__07353d3f__002_0_5.png,92.3070624932
impostor,Testing__Digital_Persona__Fake__Ecoflex__002_0_9.png__4422b5ec__002_0_9.png,82.0305246779
impostor,Testing__Digital_Persona__Fake__Ecoflex__002_1_0.png__d603c41c__002_1_0.png,78.7297228592
impostor,Testing__Digital_Persona__Fake__Ecoflex__002_1_4.png__e7fbdc84__002_1_4.png,22.1257806977
impostor,Testing__Digital_Persona__Fake__Ecoflex__002_1_5.png__c0988168__002_1_5.png,58.7646669131
impostor,Testing__Digital_Persona__Fake__Ecoflex__002_1_9.png__d48802a6__002_1_9.png,59.9127107477
impostor,Testing__Digital_Persona__Fake__Ecoflex__002_2_0.png__1e087a5b__002_2_0.png,75.4535867239
impostor,Testing__Digital_Persona__Fake__Ecoflex__002_2_4.png__d009550a__002_2_4.png,103.8717645999
impostor,Testing__Digital_Persona__Fake__Ecoflex__002_2_5.png__db4818e9__002_2_5.png,77.721418486
impostor,Testing__Digital_Persona__Fake__Ecoflex__002_2_9.png__020dead1__002_2_9.png,105.3460904891
impostor,Testing__Digital_Persona__Fake__Ecoflex__002_3_0.png__fdea80cf__002_3_0.png,41.1243108885
impostor,Testing__Digital_Persona__Fake__Ecoflex__002_3_4.png__1de05867__002_3_4.png,43.0628326324
impostor,Testing__Digital_Persona__Fake__Ecoflex__002_3_5.png__89eee98e__002_3_5.png,19.044789633
impostor,Testing__Digital_Persona__Fake__Ecoflex__002_3_9.png__27991c2c__002_3_9.png,14.7262430125
impostor,Testing__Digital_Persona__Fake__Ecoflex__002_4_0.png__110aa3a8__002_4_0.png,54.4197349138
impostor,Testing__Digital_Persona__Fake__Ecoflex__002_4_4.png__b426fc00__002_4_4.png,57.3966032866
impostor,Testing__Digital_Persona__Fake__Ecoflex__002_4_5.png__a72cad70__002_4_5.png,56.7482688469
impostor,Testing__Digital_Persona__Fake__Ecoflex__002_4_9.png__ae2d061c__002_4_9.png,39.2270039024
impostor,Testing__Digital_Persona__Fake__Ecoflex__002_5_0.png__c95f949a__002_5_0.png,37.3530682879
impostor,Testing__Digital_Persona__Fake__Ecoflex__002_5_4.png__533879dc__002_5_4.png,61.4572210112
impostor,Testing__Digital_Persona__Fake__Ecoflex__002_5_5.png__ec5f5d06__002_5_5.png,81.9435855204
impostor,Testing__Digital_Persona__Fake__Ecoflex__002_5_9.png__b629773b__002_5_9.png,82.9445855092
impostor,Testing__Digital_Persona__Fake__Ecoflex__002_6_0.png__a8ee654a__002_6_0.png,91.1342197067
impostor,Testing__Digital_Persona__Fake__Ecoflex__002_6_4.png__296634a4__002_6_4.png,44.5590727133
impostor,Testing__Digital_Persona__Fake__Ecoflex__002_6_5.png__3a900d2e__002_6_5.png,87.0759400909
impostor,Testing__Digital_Persona__Fake__Ecoflex__002_6_9.png__5165d4d4__002_6_9.png,86.9240480081
impostor,Testing__Digital_Persona__Fake__Ecoflex__002_7_0.png__6fbb6b7e__002_7_0.png,60.892513712
impostor,Testing__Digital_Persona__Fake__Ecoflex__002_7_4.png__356cabca__002_7_4.png,90.6002356772
impostor,Testing__Digital_Persona__Fake__Ecoflex__002_7_5.png__d8adb1f0__002_7_5.png,90.3144836112
impostor,Testing__Digital_Persona__Fake__Ecoflex__002_7_9.png__a788c51e__002_7_9.png,70.0413396506
impostor,Testing__Digital_Persona__Fake__Ecoflex__002_8_0.png__28158cc6__002_8_0.png,73.8076153077
impostor,Testing__Digital_Persona__Fake__Ecoflex__002_8_4.png__c8dad4ae__002_8_4.png,71.1007148708
impostor,Testing__Digital_Persona__Fake__Ecoflex__002_8_5.png__42ccc249__002_8_5.png,120.1566623799
impostor,Testing__Digital_Persona__Fake__Ecoflex__002_8_9.png__e300a3d0__002_8_9.png,68.3522087558
impostor,Testing__Digital_Persona__Fake__Ecoflex__002_9_0.png__28255223__002_9_0.png,52.6447819362
impostor,Testing__Digital_Persona__Fake__Ecoflex__002_9_4.png__9ec615d7__002_9_4.png,90.0882837113
impostor,Testing__Digital_Persona__Fake__Ecoflex__002_9_5.png__beb8adf5__002_9_5.png,77.1838586223
impostor,Testing__Digital_Persona__Fake__Ecoflex__002_9_9.png__61596c93__002_9_9.png,89.730814952
impostor,Testing__Digital_Persona__Fake__Ecoflex__003_0_0.png__3ac6371e__003_0_0.png,15.1958107473
impostor,Testing__Digital_Persona__Fake__Ecoflex__003_0_4.png__9a471bca__003_0_4.png,3.4867247354
impostor,Testing__Digital_Persona__Fake__Ecoflex__003_0_9.png__67071087__003_0_9.png,22.2666940644
impostor,Testing__Digital_Persona__Fake__Ecoflex__003_1_0.png__79ce306c__003_1_0.png,2.328925011
impostor,Testing__Digital_Persona__Fake__Ecoflex__003_1_4.png__4fe0f16b__003_1_4.png,1.9064086437
impostor,Testing__Digital_Persona__Fake__Ecoflex__003_1_9.png__680d20f1__003_1_9.png,3.5474287717
impostor,Testing__Digital_Persona__Fake__Ecoflex__003_2_0.png__475d3fd2__003_2_0.png,6.7999422552
impostor,Testing__Digital_Persona__Fake__Ecoflex__003_2_4.png__aa9fa948__003_2_4.png,2.4287533237
impostor,Testing__Digital_Persona__Fake__Ecoflex__003_2_9.png__2e75f588__003_2_9.png,0.7844902045
impostor,Testing__Digital_Persona__Fake__Ecoflex__003_3_0.png__1ddab453__003_3_0.png,13.4237051989
impostor,Testing__Digital_Persona__Fake__Ecoflex__003_3_4.png__218816a3__003_3_4.png,5.8047649
impostor,Testing__Digital_Persona__Fake__Ecoflex__003_3_9.png__ef8e64fb__003_3_9.png,6.3736013925
impostor,Testing__Digital_Persona__Fake__Ecoflex__003_4_0.png__4dc9eae2__003_4_0.png,7.8263248597
impostor,Testing__Digital_Persona__Fake__Ecoflex__003_4_4.png__f6e8e59e__003_4_4.png,24.6549942352
impostor,Testing__Digital_Persona__Fake__Ecoflex__003_4_9.png__46952a4f__003_4_9.png,12.1591036859
impostor,Testing__Digital_Persona__Fake__Ecoflex__003_5_0.png__fcc6ff33__003_5_0.png,27.8522611997
impostor,Testing__Digital_Persona__Fake__Ecoflex__003_5_4.png__59ef2ef9__003_5_4.png,52.4179917319
impostor,Testing__Digital_Persona__Fake__Ecoflex__003_5_9.png__0c61c27a__003_5_9.png,14.2433907374
impostor,Testing__Digital_Persona__Fake__Ecoflex__003_6_0.png__49b526dd__003_6_0.png,35.6519746012
impostor,Testing__Digital_Persona__Fake__Ecoflex__003_6_4.png__1212e2a2__003_6_4.png,14.0308183693
impostor,Testing__Digital_Persona__Fake__Ecoflex__003_6_9.png__44a27ea9__003_6_9.png,36.1823982275
impostor,Testing__Digital_Persona__Fake__Ecoflex__003_7_0.png__37cc4ad2__003_7_0.png,16.2832353445
impostor,Testing__Digital_Persona__Fake__Ecoflex__003_7_4.png__43a29354__003_7_4.png,1.9749011632
impostor,Testing__Digital_Persona__Fake__Ecoflex__003_7_9.png__853d1129__003_7_9.png,15.1912814244
impostor,Testing__Digital_Persona__Fake__Ecoflex__003_8_0.png__49c2baf4__003_8_0.png,8.8374448414
impostor,Testing__Digital_Persona__Fake__Ecoflex__003_8_4.png__05cf66e6__003_8_4.png,14.0934225709
impostor,Testing__Digital_Persona__Fake__Ecoflex__003_8_9.png__e5d05be0__003_8_9.png,22.4918279084
impostor,Testing__Digital_Persona__Fake__Ecoflex__003_9_0.png__0d39bfda__003_9_0.png,1.8824693055
impostor,Testing__Digital_Persona__Fake__Ecoflex__003_9_4.png__3b6cad01__003_9_4.png,2.2682327953
impostor,Testing__Digital_Persona__Fake__Ecoflex__003_9_9.png__652f4404__003_9_9.png,1.945714403
impostor,Testing__Digital_Persona__Fake__Ecoflex__008_0_0.png__5fd8085a__008_0_0.png,5.8365744463
impostor,Testing__Digital_Persona__Fake__Ecoflex__008_0_4.png__422dd906__008_0_4.png,23.5318825981
impostor,Testing__Digital_Persona__Fake__Ecoflex__008_0_9.png__bedc7a76__008_0_9.png,5.4395653321
impostor,Testing__Digital_Persona__Fake__Ecoflex__008_1_0.png__8f4bd497__008_1_0.png,18.7917021821
impostor,Testing__Digital_Persona__Fake__Ecoflex__008_1_4.png__8203ee7a__008_1_4.png,29.6205759648
impostor,Testing__Digital_Persona__Fake__Ecoflex__008_1_9.png__c4926c33__008_1_9.png,38.1181607609
impostor,Testing__Digital_Persona__Fake__Ecoflex__008_2_0.png__960c3186__008_2_0.png,28.5897075069
impostor,Testing__Digital_Persona__Fake__Ecoflex__008_2_4.png__5e5b1375__008_2_4.png,2.9512650245
impostor,Testing__Digital_Persona__Fake__Ecoflex__008_2_9.png__26f0f143__008_2_9.png,13.5623908505
impostor,Testing__Digital_Persona__Fake__Ecoflex__008_3_0.png__8994a15a__008_3_0.png,0.384256585
impostor,Testing__Digital_Persona__Fake__Ecoflex__008_3_4.png__8c7a2507__008_3_4.png,10.609678185
impostor,Testing__Digital_Persona__Fake__Ecoflex__008_3_9.png__57c09153__008_3_9.png,0.0
impostor,Testing__Digital_Persona__Fake__Ecoflex__008_4_0.png__1d0cf380__008_4_0.png,5.8703940407
impostor,Testing__Digital_Persona__Fake__Ecoflex__008_4_4.png__d5e0e8eb__008_4_4.png,5.4143871636
impostor,Testing__Digital_Persona__Fake__Ecoflex__008_4_9.png__64143f58__008_4_9.png,12.6367134069
impostor,Testing__Digital_Persona__Fake__Ecoflex__008_5_0.png__240f12aa__008_5_0.png,32.3066616433
impostor,Testing__Digital_Persona__Fake__Ecoflex__008_5_4.png__5fde766f__008_5_4.png,54.6727208595
impostor,Testing__Digital_Persona__Fake__Ecoflex__008_5_9.png__b41efb63__008_5_9.png,38.7448376337
impostor,Testing__Digital_Persona__Fake__Ecoflex__008_6_0.png__d4060793__008_6_0.png,9.5088193809
impostor,Testing__Digital_Persona__Fake__Ecoflex__008_6_4.png__18a8b8fd__008_6_4.png,26.5162676572
impostor,Testing__Digital_Persona__Fake__Ecoflex__008_6_9.png__80500975__008_6_9.png,1.7478716537
impostor,Testing__Digital_Persona__Fake__Ecoflex__008_7_0.png__434c9e7a__008_7_0.png,2.3165812998
impostor,Testing__Digital_Persona__Fake__Ecoflex__008_7_4.png__abca52ac__008_7_4.png,1.2863092733
impostor,Testing__Digital_Persona__Fake__Ecoflex__008_7_9.png__5a9c9dbe__008_7_9.png,1.1018625118
impostor,Testing__Digital_Persona__Fake__Ecoflex__008_8_0.png__bf4c198b__008_8_0.png,12.9181753784
impostor,Testing__Digital_Persona__Fake__Ecoflex__008_8_4.png__c099e372__008_8_4.png,2.6634712537
impostor,Testing__Digital_Persona__Fake__Ecoflex__008_8_9.png__bfd1af90__008_8_9.png,2.2931733185
impostor,Testing__Digital_Persona__Fake__Ecoflex__008_9_0.png__976896a5__008_9_0.png,0.6508603133
impostor,Testing__Digital_Persona__Fake__Ecoflex__008_9_4.png__db3b3b8d__008_9_4.png,4.51185746
impostor,Testing__Digital_Persona__Fake__Ecoflex__008_9_9.png__87755ef7__008_9_9.png,2.9795111257
impostor,Testing__Digital_Persona__Fake__Ecoflex__010_0_0.png__875ae065__010_0_0.png,89.6274380079
impostor,Testing__Digital_Persona__Fake__Ecoflex__010_0_4.png__ebe760e3__010_0_4.png,83.6775203912
impostor,Testing__Digital_Persona__Fake__Ecoflex__010_0_9.png__623f77a2__010_0_9.png,42.6808741924
impostor,Testing__Digital_Persona__Fake__Ecoflex__010_1_0.png__ab1d0f1f__010_1_0.png,50.6151587839
impostor,Testing__Digital_Persona__Fake__Ecoflex__010_1_4.png__544d9670__010_1_4.png,38.6494366203
impostor,Testing__Digital_Persona__Fake__Ecoflex__010_1_9.png__9b34c888__010_1_9.png,42.3004223708
impostor,Testing__Digital_Persona__Fake__Ecoflex__010_2_0.png__8625918f__010_2_0.png,29.0009454634
impostor,Testing__Digital_Persona__Fake__Ecoflex__010_2_4.png__22c3f0a7__010_2_4.png,10.2269470637
impostor,Testing__Digital_Persona__Fake__Ecoflex__010_2_9.png__a8744159__010_2_9.png,8.0057603534
impostor,Testing__Digital_Persona__Fake__Ecoflex__010_3_0.png__2f09504d__010_3_0.png,9.9104880949
impostor,Testing__Digital_Persona__Fake__Ecoflex__010_3_4.png__e3233219__010_3_4.png,1.6196951195
impostor,Testing__Digital_Persona__Fake__Ecoflex__010_3_9.png__e4bb2db3__010_3_9.png,5.121114859
impostor,Testing__Digital_Persona__Fake__Ecoflex__010_4_0.png__6c4ed3c6__010_4_0.png,3.4078795351
impostor,Testing__Digital_Persona__Fake__Ecoflex__010_4_4.png__99a594e7__010_4_4.png,0.9513311556
impostor,Testing__Digital_Persona__Fake__Ecoflex__010_4_9.png__e197ad15__010_4_9.png,4.9030327927
impostor,Testing__Digital_Persona__Fake__Ecoflex__010_5_0.png__7ce4215f__010_5_0.png,14.6078527491
impostor,Testing__Digital_Persona__Fake__Ecoflex__010_5_4.png__6c6c0906__010_5_4.png,18.5637011004
impostor,Testing__Digital_Persona__Fake__Ecoflex__010_5_9.png__9160a4bb__010_5_9.png,17.5338136304
impostor,Testing__Digital_Persona__Fake__Ecoflex__010_6_0.png__f34c6498__010_6_0.png,18.0372349175
impostor,Testing__Digital_Persona__Fake__Ecoflex__010_6_4.png__98e07bb1__010_6_4.png,47.8996674365
impostor,Testing__Digital_Persona__Fake__Ecoflex__010_6_9.png__211c4702__010_6_9.png,37.6786852909
impostor,Testing__Digital_Persona__Fake__Ecoflex__010_7_0.png__642be854__010_7_0.png,3.8916687257
impostor,Testing__Digital_Persona__Fake__Ecoflex__010_7_4.png__ab97c191__010_7_4.png,0.0772564143
impostor,Testing__Digital_Persona__Fake__Ecoflex__010_7_9.png__5be0f279__010_7_9.png,1.9498268233
impostor,Testing__Digital_Persona__Fake__Ecoflex__010_8_0.png__69b07648__010_8_0.png,1.3336101967
impostor,Testing__Digital_Persona__Fake__Ecoflex__010_8_4.png__a9f313d3__010_8_4.png,0.3727552367
impostor,Testing__Digital_Persona__Fake__Ecoflex__010_8_9.png__b17d7f31__010_8_9.png,0.0
impostor,Testing__Digital_Persona__Fake__Ecoflex__010_9_0.png__05ec0b71__010_9_0.png,1.6843525858
impostor,Testing__Digital_Persona__Fake__Ecoflex__010_9_4.png__34de2d28__010_9_4.png,0.2924489388
impostor,Testing__Digital_Persona__Fake__Ecoflex__010_9_9.png__45acc2b5__010_9_9.png,5.3849626808
impostor,Testing__Digital_Persona__Fake__Ecoflex__012_0_0.png__03f2d76a__012_0_0.png,5.817313102
impostor,Testing__Digital_Persona__Fake__Ecoflex__012_0_4.png__a7f52a5f__012_0_4.png,6.6408760496
impostor,Testing__Digital_Persona__Fake__Ecoflex__012_0_9.png__d533b421__012_0_9.png,8.7968576149
impostor,Testing__Digital_Persona__Fake__Ecoflex__012_1_0.png__243170be__012_1_0.png,24.4301298826
impostor,Testing__Digital_Persona__Fake__Ecoflex__012_1_4.png__5975e00f__012_1_4.png,45.954869524
impostor,Testing__Digital_Persona__Fake__Ecoflex__012_1_9.png__a9842b53__012_1_9.png,49.9833639593
impostor,Testing__Digital_Persona__Fake__Ecoflex__012_2_0.png__a759ad8c__012_2_0.png,59.3847899305
impostor,Testing__Digital_Persona__Fake__Ecoflex__012_2_4.png__04f7593e__012_2_4.png,91.043261892
impostor,Testing__Digital_Persona__Fake__Ecoflex__012_2_9.png__ada29a82__012_2_9.png,93.03350883
impostor,Testing__Digital_Persona__Fake__Ecoflex__012_3_0.png__9641a6a5__012_3_0.png,69.2473286163
impostor,Testing__Digital_Persona__Fake__Ecoflex__012_3_4.png__e816e35b__012_3_4.png,54.0552473205
impostor,Testing__Digital_Persona__Fake__Ecoflex__012_3_9.png__0bf6df28__012_3_9.png,50.3529818023
impostor,Testing__Digital_Persona__Fake__Ecoflex__012_4_0.png__677df4be__012_4_0.png,51.4199858569
impostor,Testing__Digital_Persona__Fake__Ecoflex__012_4_4.png__d914fb8a__012_4_4.png,46.5712600367
impostor,Testing__Digital_Persona__Fake__Ecoflex__012_4_9.png__b416a85d__012_4_9.png,62.4836025587
impostor,Testing__Digital_Persona__Fake__Ecoflex__012_5_0.png__ad4281d5__012_5_0.png,111.5580986122
impostor,Testing__Digital_Persona__Fake__Ecoflex__012_5_4.png__4fd9cdf1__012_5_4.png,92.441404887
impostor,Testing__Digital_Persona__Fake__Ecoflex__012_5_9.png__66b6f828__012_5_9.png,70.0511303205
impostor,Testing__Digital_Persona__Fake__Ecoflex__012_6_0.png__a829a2a2__012_6_0.png,72.6411908854
impostor,Testing__Digital_Persona__Fake__Ecoflex__012_6_4.png__55c98ec4__012_6_4.png,82.9002441116
impostor,Testing__Digital_Persona__Fake__Ecoflex__012_6_9.png__bafe7311__012_6_9.png,97.4584824579
impostor,Testing__Digital_Persona__Fake__Ecoflex__012_7_0.png__769b012d__012_7_0.png,116.2089546631
impostor,Testing__Digital_Persona__Fake__Ecoflex__012_7_4.png__6dd1e25e__012_7_4.png,105.8704197197
impostor,Testing__Digital_Persona__Fake__Ecoflex__012_7_9.png__37aed6fc__012_7_9.png,141.7390050875
impostor,Testing__Digital_Persona__Fake__Ecoflex__012_8_0.png__0296b2f4__012_8_0.png,32.7739201989
impostor,Testing__Digital_Persona__Fake__Ecoflex__012_8_4.png__5ccafc3d__012_8_4.png,73.0401714688
impostor,Testing__Digital_Persona__Fake__Ecoflex__012_8_9.png__6a8e8be6__012_8_9.png,35.0042728005
impostor,Testing__Digital_Persona__Fake__Ecoflex__012_9_0.png__e8aeb580__012_9_0.png,27.9978525621
impostor,Testing__Digital_Persona__Fake__Ecoflex__012_9_4.png__88147f18__012_9_4.png,46.2717749514
impostor,Testing__Digital_Persona__Fake__Ecoflex__012_9_9.png__600f110e__012_9_9.png,31.1825513272
impostor,Testing__Digital_Persona__Fake__Ecoflex__014_0_0.png__b96906e2__014_0_0.png,116.061087931
impostor,Testing__Digital_Persona__Fake__Ecoflex__014_0_4.png__af0817ad__014_0_4.png,108.0814164163
impostor,Testing__Digital_Persona__Fake__Ecoflex__014_0_9.png__5d912296__014_0_9.png,119.1823238711
impostor,Testing__Digital_Persona__Fake__Ecoflex__014_1_0.png__5806cd1a__014_1_0.png,12.8913492568
impostor,Testing__Digital_Persona__Fake__Ecoflex__014_1_4.png__054b8aa4__014_1_4.png,57.8394546676
impostor,Testing__Digital_Persona__Fake__Ecoflex__014_1_9.png__19373a09__014_1_9.png,39.91883252
impostor,Testing__Digital_Persona__Fake__Ecoflex__014_2_0.png__57d4ff36__014_2_0.png,3.0210027876
impostor,Testing__Digital_Persona__Fake__Ecoflex__014_2_4.png__e77b88d6__014_2_4.png,42.9361746463
impostor,Testing__Digital_Persona__Fake__Ecoflex__014_2_9.png__d5f6dd99__014_2_9.png,6.9741213905
impostor,Testing__Digital_Persona__Fake__Ecoflex__014_3_0.png__bf5cc19a__014_3_0.png,4.4404654363
impostor,Testing__Digital_Persona__Fake__Ecoflex__014_3_4.png__32a802a7__014_3_4.png,7.7912548966
impostor,Testing__Digital_Persona__Fake__Ecoflex__014_3_9.png__f13b48a3__014_3_9.png,20.9714938857
impostor,Testing__Digital_Persona__Fake__Ecoflex__014_4_0.png__58e6ebff__014_4_0.png,40.5535044641
impostor,Testing__Digital_Persona__Fake__Ecoflex__014_4_4.png__83a5289c__014_4_4.png,31.9460493164
impostor,Testing__Digital_Persona__Fake__Ecoflex__014_4_9.png__c2863aa7__014_4_9.png,36.1113454011
impostor,Testing__Digital_Persona__Fake__Ecoflex__014_5_0.png__cf7eb219__014_5_0.png,38.7038245567
impostor,Testing__Digital_Persona__Fake__Ecoflex__014_5_4.png__fe9fee6f__014_5_4.png,78.0392496816
impostor,Testing__Digital_Persona__Fake__Ecoflex__014_5_9.png__36b1763c__014_5_9.png,94.1891343665
impostor,Testing__Digital_Persona__Fake__Ecoflex__014_6_0.png__43b44307__014_6_0.png,7.2475753263
impostor,Testing__Digital_Persona__Fake__Ecoflex__014_6_4.png__e0b4b700__014_6_4.png,28.4883809763
impostor,Testing__Digital_Persona__Fake__Ecoflex__014_6_9.png__1a544dee__014_6_9.png,29.2056609493
impostor,Testing__Digital_Persona__Fake__Ecoflex__014_7_0.png__bd7190b2__014_7_0.png,12.0239185953
impostor,Testing__Digital_Persona__Fake__Ecoflex__014_7_4.png__cef233e8__014_7_4.png,1.0777676894
impostor,Testing__Digital_Persona__Fake__Ecoflex__014_7_9.png__af1147b2__014_7_9.png,9.4689389316
impostor,Testing__Digital_Persona__Fake__Ecoflex__014_8_0.png__b6451869__014_8_0.png,3.2536261193
impostor,Testing__Digital_Persona__Fake__Ecoflex__014_8_4.png__216ed2f2__014_8_4.png,5.8170150171
impostor,Testing__Digital_Persona__Fake__Ecoflex__014_8_9.png__cac42a38__014_8_9.png,10.3417813601
impostor,Testing__Digital_Persona__Fake__Ecoflex__014_9_0.png__0e602ec9__014_9_0.png,5.3828742609
impostor,Testing__Digital_Persona__Fake__Ecoflex__014_9_4.png__ece6fd04__014_9_4.png,48.3337462351
impostor,Testing__Digital_Persona__Fake__Ecoflex__014_9_9.png__418a4177__014_9_9.png,33.0410819944
impostor,Testing__Digital_Persona__Fake__Ecoflex__019_0_0.png__9f8fc575__019_0_0.png,58.4013584535
impostor,Testing__Digital_Persona__Fake__Ecoflex__019_0_4.png__1ff6a0ca__019_0_4.png,7.2071671199
impostor,Testing__Digital_Persona__Fake__Ecoflex__019_0_9.png__efb021fa__019_0_9.png,8.5957983854
impostor,Testing__Digital_Persona__Fake__Ecoflex__019_1_0.png__dae7a74f__019_1_0.png,57.3691368342
impostor,Testing__Digital_Persona__Fake__Ecoflex__019_1_4.png__6be45e8d__019_1_4.png,74.9175835891
impostor,Testing__Digital_Persona__Fake__Ecoflex__019_1_9.png__1ea9ab93__019_1_9.png,83.054796784
impostor,Testing__Digital_Persona__Fake__Ecoflex__019_2_0.png__cb4d4ac0__019_2_0.png,22.3826693558
impostor,Testing__Digital_Persona__Fake__Ecoflex__019_2_4.png__2c018ff2__019_2_4.png,32.9001802849
impostor,Testing__Digital_Persona__Fake__Ecoflex__019_2_9.png__fc806ca7__019_2_9.png,35.7374107677
impostor,Testing__Digital_Persona__Fake__Ecoflex__019_3_0.png__4ac3e50d__019_3_0.png,15.1852442555
impostor,Testing__Digital_Persona__Fake__Ecoflex__019_3_4.png__5f5bd340__019_3_4.png,4.3275261666
impostor,Testing__Digital_Persona__Fake__Ecoflex__019_3_9.png__5dc48f63__019_3_9.png,5.9333164896
impostor,Testing__Digital_Persona__Fake__Ecoflex__019_4_0.png__9183df58__019_4_0.png,3.2478042718
impostor,Testing__Digital_Persona__Fake__Ecoflex__019_4_4.png__5231ea11__019_4_4.png,7.4766840868
impostor,Testing__Digital_Persona__Fake__Ecoflex__019_4_9.png__78bf58bf__019_4_9.png,7.8031556388
impostor,Testing__Digital_Persona__Fake__Ecoflex__019_5_0.png__323d26f4__019_5_0.png,12.2244862487
impostor,Testing__Digital_Persona__Fake__Ecoflex__019_5_4.png__fc892d72__019_5_4.png,33.9515387173
impostor,Testing__Digital_Persona__Fake__Ecoflex__019_5_9.png__fd1d35ea__019_5_9.png,30.8059137419
impostor,Testing__Digital_Persona__Fake__Ecoflex__019_6_0.png__e917f5f2__019_6_0.png,14.7727885557
impostor,Testing__Digital_Persona__Fake__Ecoflex__019_6_4.png__19daae06__019_6_4.png,49.8361774468
impostor,Testing__Digital_Persona__Fake__Ecoflex__019_6_9.png__60a11bfe__019_6_9.png,76.9386713337
impostor,Testing__Digital_Persona__Fake__Ecoflex__019_7_0.png__ab09fbf0__019_7_0.png,6.0780430064
impostor,Testing__Digital_Persona__Fake__Ecoflex__019_7_4.png__c52350a3__019_7_4.png,20.6500194493
impostor,Testing__Digital_Persona__Fake__Ecoflex__019_7_9.png__21d35fbb__019_7_9.png,8.7028473463
impostor,Testing__Digital_Persona__Fake__Ecoflex__019_8_0.png__2a2ff64c__019_8_0.png,0.6077663622
impostor,Testing__Digital_Persona__Fake__Ecoflex__019_8_4.png__24a08283__019_8_4.png,0.0338909901
impostor,Testing__Digital_Persona__Fake__Ecoflex__019_8_9.png__59cf8ba9__019_8_9.png,2.2039572883
impostor,Testing__Digital_Persona__Fake__Ecoflex__019_9_0.png__f6d68d34__019_9_0.png,2.9853385151
impostor,Testing__Digital_Persona__Fake__Ecoflex__019_9_4.png__a59976db__019_9_4.png,6.8103616205
impostor,Testing__Digital_Persona__Fake__Ecoflex__019_9_9.png__e3b7aab5__019_9_9.png,2.6562742039
impostor,Testing__Digital_Persona__Fake__Gelatine__002_0_0.png__f9be761a__002_0_0.png,25.3737313198
impostor,Testing__Digital_Persona__Fake__Gelatine__002_0_4.png__32058095__002_0_4.png,37.8512716577
impostor,Testing__Digital_Persona__Fake__Gelatine__002_0_5.png__ae34d6cf__002_0_5.png,100.9773179906
impostor,Testing__Digital_Persona__Fake__Gelatine__002_0_9.png__b3c75e45__002_0_9.png,87.4810306891
impostor,Testing__Digital_Persona__Fake__Gelatine__002_1_0.png__0b132bf4__002_1_0.png,1.8256409541
impostor,Testing__Digital_Persona__Fake__Gelatine__002_1_4.png__0dc3d333__002_1_4.png,15.6126233966
impostor,Testing__Digital_Persona__Fake__Gelatine__002_1_5.png__37711243__002_1_5.png,38.4802721316
impostor,Testing__Digital_Persona__Fake__Gelatine__002_1_9.png__36beb0f0__002_1_9.png,49.3134905893
impostor,Testing__Digital_Persona__Fake__Gelatine__002_2_0.png__ce84d1af__002_2_0.png,55.7036823856
impostor,Testing__Digital_Persona__Fake__Gelatine__002_2_4.png__c98a9f77__002_2_4.png,49.0064333607
impostor,Testing__Digital_Persona__Fake__Gelatine__002_2_5.png__e9b96a44__002_2_5.png,81.9356952932
impostor,Testing__Digital_Persona__Fake__Gelatine__002_2_9.png__b539047c__002_2_9.png,104.0424655976
impostor,Testing__Digital_Persona__Fake__Gelatine__002_3_0.png__98860f8a__002_3_0.png,2.1721707198
impostor,Testing__Digital_Persona__Fake__Gelatine__002_3_4.png__c3f084a8__002_3_4.png,12.0683772405
impostor,Testing__Digital_Persona__Fake__Gelatine__002_3_5.png__c0e095da__002_3_5.png,7.5692369615
impostor,Testing__Digital_Persona__Fake__Gelatine__002_3_9.png__e4cc8cc6__002_3_9.png,41.8281017721
impostor,Testing__Digital_Persona__Fake__Gelatine__002_4_0.png__054c85f3__002_4_0.png,19.8815797385
impostor,Testing__Digital_Persona__Fake__Gelatine__002_4_4.png__693209ac__002_4_4.png,53.4713859715
impostor,Testing__Digital_Persona__Fake__Gelatine__002_4_5.png__6b88749c__002_4_5.png,74.3184187582
impostor,Testing__Digital_Persona__Fake__Gelatine__002_4_9.png__b11d53ee__002_4_9.png,40.0288326314
impostor,Testing__Digital_Persona__Fake__Gelatine__002_5_0.png__5e6ab466__002_5_0.png,12.9260990933
impostor,Testing__Digital_Persona__Fake__Gelatine__002_5_4.png__99e357a5__002_5_4.png,9.3717254365
impostor,Testing__Digital_Persona__Fake__Gelatine__002_5_5.png__34d6fa11__002_5_5.png,85.3122983283
impostor,Testing__Digital_Persona__Fake__Gelatine__002_5_9.png__c8d928e9__002_5_9.png,50.0034257027
impostor,Testing__Digital_Persona__Fake__Gelatine__002_6_0.png__efc663b7__002_6_0.png,30.0733547663
impostor,Testing__Digital_Persona__Fake__Gelatine__002_6_4.png__e5381482__002_6_4.png,26.6763637986
impostor,Testing__Digital_Persona__Fake__Gelatine__002_6_5.png__41164732__002_6_5.png,93.7268904427
impostor,Testing__Digital_Persona__Fake__Gelatine__002_6_9.png__c1ebbeb0__002_6_9.png,78.7687472916
impostor,Testing__Digital_Persona__Fake__Gelatine__002_7_0.png__215ca819__002_7_0.png,46.348477747
impostor,Testing__Digital_Persona__Fake__Gelatine__002_7_4.png__58c2321b__002_7_4.png,73.588991439
impostor,Testing__Digital_Persona__Fake__Gelatine__002_7_5.png__ee33529c__002_7_5.png,75.3434575663
impostor,Testing__Digital_Persona__Fake__Gelatine__002_7_9.png__7d4bdf1d__002_7_9.png,34.4421615428
impostor,Testing__Digital_Persona__Fake__Gelatine__002_8_0.png__185eec15__002_8_0.png,74.8391429763
impostor,Testing__Digital_Persona__Fake__Gelatine__002_8_4.png__ff439cd9__002_8_4.png,28.1067991276
impostor,Testing__Digital_Persona__Fake__Gelatine__002_8_5.png__475c2bf3__002_8_5.png,122.5414502259
impostor,Testing__Digital_Persona__Fake__Gelatine__002_8_9.png__bbc6cc17__002_8_9.png,77.2851393963
impostor,Testing__Digital_Persona__Fake__Gelatine__002_9_0.png__a1701fa7__002_9_0.png,56.6844409379
impostor,Testing__Digital_Persona__Fake__Gelatine__002_9_4.png__ed8eb67a__002_9_4.png,19.1463923978
impostor,Testing__Digital_Persona__Fake__Gelatine__002_9_5.png__d76defff__002_9_5.png,72.1549523834
impostor,Testing__Digital_Persona__Fake__Gelatine__002_9_9.png__c0c0a4a1__002_9_9.png,56.9039443969
impostor,Testing__Digital_Persona__Fake__Gelatine__003_0_0.png__6dd7bd29__003_0_0.png,24.7744584563
impostor,Testing__Digital_Persona__Fake__Gelatine__003_0_4.png__4c393bf4__003_0_4.png,47.7146515553
impostor,Testing__Digital_Persona__Fake__Gelatine__003_0_9.png__87e18e55__003_0_9.png,11.8255381057
impostor,Testing__Digital_Persona__Fake__Gelatine__003_1_0.png__8ad617c4__003_1_0.png,2.1346795582
impostor,Testing__Digital_Persona__Fake__Gelatine__003_1_4.png__4187f574__003_1_4.png,1.9122609505
impostor,Testing__Digital_Persona__Fake__Gelatine__003_1_9.png__5baf6415__003_1_9.png,2.1030105805
impostor,Testing__Digital_Persona__Fake__Gelatine__003_2_0.png__6721e392__003_2_0.png,13.3699415723
impostor,Testing__Digital_Persona__Fake__Gelatine__003_2_4.png__0a89b24d__003_2_4.png,6.5599212533
impostor,Testing__Digital_Persona__Fake__Gelatine__003_2_9.png__5946b420__003_2_9.png,7.8885966932
impostor,Testing__Digital_Persona__Fake__Gelatine__003_3_0.png__77bedf7e__003_3_0.png,1.7723786577
impostor,Testing__Digital_Persona__Fake__Gelatine__003_3_4.png__4e2b702d__003_3_4.png,0.3842230815
impostor,Testing__Digital_Persona__Fake__Gelatine__003_3_9.png__6441dce6__003_3_9.png,6.2013127586
impostor,Testing__Digital_Persona__Fake__Gelatine__003_4_0.png__dfd514e7__003_4_0.png,1.0531352067
impostor,Testing__Digital_Persona__Fake__Gelatine__003_4_4.png__23dd8607__003_4_4.png,4.0867561177
impostor,Testing__Digital_Persona__Fake__Gelatine__003_4_9.png__7774afe8__003_4_9.png,0.057349307
impostor,Testing__Digital_Persona__Fake__Gelatine__003_5_0.png__b0a8a0df__003_5_0.png,42.8943645906
impostor,Testing__Digital_Persona__Fake__Gelatine__003_5_4.png__33bb2a4a__003_5_4.png,28.5840002638
impostor,Testing__Digital_Persona__Fake__Gelatine__003_5_9.png__af2ae697__003_5_9.png,12.5683425588
impostor,Testing__Digital_Persona__Fake__Gelatine__003_6_0.png__2bcb4140__003_6_0.png,2.0301221003
impostor,Testing__Digital_Persona__Fake__Gelatine__003_6_4.png__caf3f7b2__003_6_4.png,13.5816860417
impostor,Testing__Digital_Persona__Fake__Gelatine__003_6_9.png__f1f86eee__003_6_9.png,7.6155006608
impostor,Testing__Digital_Persona__Fake__Gelatine__003_7_0.png__6ca425f2__003_7_0.png,3.9164804773
impostor,Testing__Digital_Persona__Fake__Gelatine__003_7_4.png__2fdc162b__003_7_4.png,1.5863682293
impostor,Testing__Digital_Persona__Fake__Gelatine__003_7_9.png__e79234db__003_7_9.png,5.861064353
impostor,Testing__Digital_Persona__Fake__Gelatine__003_8_0.png__f65dc808__003_8_0.png,2.4065995377
impostor,Testing__Digital_Persona__Fake__Gelatine__003_8_4.png__033e04d6__003_8_4.png,19.8563640795
impostor,Testing__Digital_Persona__Fake__Gelatine__003_8_9.png__d80f57b5__003_8_9.png,15.1505033921
impostor,Testing__Digital_Persona__Fake__Gelatine__003_9_0.png__f8752c5c__003_9_0.png,2.0391267288
impostor,Testing__Digital_Persona__Fake__Gelatine__003_9_4.png__92fb11df__003_9_4.png,2.9231261792
impostor,Testing__Digital_Persona__Fake__Gelatine__003_9_9.png__5e052c74__003_9_9.png,1.4710445103
impostor,Testing__Digital_Persona__Fake__Gelatine__008_0_0.png__73b670d4__008_0_0.png,15.7633014645
impostor,Testing__Digital_Persona__Fake__Gelatine__008_0_4.png__e040b384__008_0_4.png,23.863311593
impostor,Testing__Digital_Persona__Fake__Gelatine__008_0_9.png__92345e90__008_0_9.png,31.0386747103
impostor,Testing__Digital_Persona__Fake__Gelatine__008_1_0.png__fa51cd5a__008_1_0.png,9.8545964224
impostor,Testing__Digital_Persona__Fake__Gelatine__008_1_4.png__3feb87ba__008_1_4.png,3.3758025469
impostor,Testing__Digital_Persona__Fake__Gelatine__008_1_9.png__bf407f19__008_1_9.png,0.1778024844
impostor,Testing__Digital_Persona__Fake__Gelatine__008_2_0.png__d5370838__008_2_0.png,0.0
impostor,Testing__Digital_Persona__Fake__Gelatine__008_2_4.png__08510205__008_2_4.png,0.6618212452
impostor,Testing__Digital_Persona__Fake__Gelatine__008_2_9.png__e84035b7__008_2_9.png,2.080644342
impostor,Testing__Digital_Persona__Fake__Gelatine__008_3_0.png__165e366c__008_3_0.png,1.2093435905
impostor,Testing__Digital_Persona__Fake__Gelatine__008_3_4.png__c249e688__008_3_4.png,0.4654373124
impostor,Testing__Digital_Persona__Fake__Gelatine__008_3_9.png__d2898db5__008_3_9.png,1.1114730605
impostor,Testing__Digital_Persona__Fake__Gelatine__008_4_0.png__db4ad4cb__008_4_0.png,5.0348082062
impostor,Testing__Digital_Persona__Fake__Gelatine__008_4_4.png__0ee2a905__008_4_4.png,2.4502847839
impostor,Testing__Digital_Persona__Fake__Gelatine__008_4_9.png__3fe9fccb__008_4_9.png,1.8418698314
impostor,Testing__Digital_Persona__Fake__Gelatine__008_5_0.png__46c25a10__008_5_0.png,33.9970543649
impostor,Testing__Digital_Persona__Fake__Gelatine__008_5_4.png__fb97de58__008_5_4.png,30.9282485699
impostor,Testing__Digital_Persona__Fake__Gelatine__008_5_9.png__6b071a50__008_5_9.png,36.7203068284
impostor,Testing__Digital_Persona__Fake__Gelatine__008_6_0.png__79b2d0c2__008_6_0.png,5.9567422234
impostor,Testing__Digital_Persona__Fake__Gelatine__008_6_4.png__f548a5d9__008_6_4.png,5.844305569
impostor,Testing__Digital_Persona__Fake__Gelatine__008_6_9.png__ec7196bd__008_6_9.png,20.5826116766
impostor,Testing__Digital_Persona__Fake__Gelatine__008_7_0.png__c7a49193__008_7_0.png,8.9088723637
impostor,Testing__Digital_Persona__Fake__Gelatine__008_7_4.png__c6a723c7__008_7_4.png,2.2861496706
impostor,Testing__Digital_Persona__Fake__Gelatine__008_7_9.png__a18aaa75__008_7_9.png,2.4020650237
impostor,Testing__Digital_Persona__Fake__Gelatine__008_8_0.png__b95e8bb9__008_8_0.png,3.2178690854
impostor,Testing__Digital_Persona__Fake__Gelatine__008_8_4.png__4b9e0ef2__008_8_4.png,1.2807547555
impostor,Testing__Digital_Persona__Fake__Gelatine__008_8_9.png__5d92cb70__008_8_9.png,2.7490239714
impostor,Testing__Digital_Persona__Fake__Gelatine__008_9_0.png__bf8e9228__008_9_0.png,1.0207070052
impostor,Testing__Digital_Persona__Fake__Gelatine__008_9_4.png__d1d5823b__008_9_4.png,4.7207403129
impostor,Testing__Digital_Persona__Fake__Gelatine__008_9_9.png__edbf1e49__008_9_9.png,5.9284823678
impostor,Testing__Digital_Persona__Fake__Gelatine__010_0_0.png__775debb6__010_0_0.png,51.4444723424
impostor,Testing__Digital_Persona__Fake__Gelatine__010_0_4.png__b3c65f88__010_0_4.png,34.2531133368
impostor,Testing__Digital_Persona__Fake__Gelatine__010_0_9.png__3eddf257__010_0_9.png,62.7913080755
impostor,Testing__Digital_Persona__Fake__Gelatine__010_1_0.png__6dd14606__010_1_0.png,18.808424838
impostor,Testing__Digital_Persona__Fake__Gelatine__010_1_4.png__5f296752__010_1_4.png,7.9254693106
impostor,Testing__Digital_Persona__Fake__Gelatine__010_1_9.png__7063ffe8__010_1_9.png,45.8808227714
impostor,Testing__Digital_Persona__Fake__Gelatine__010_2_0.png__c7006ad3__010_2_0.png,1.578235014
impostor,Testing__Digital_Persona__Fake__Gelatine__010_2_4.png__e66b65dd__010_2_4.png,26.3693374994
impostor,Testing__Digital_Persona__Fake__Gelatine__010_2_9.png__9f4192c0__010_2_9.png,1.9622858945
impostor,Testing__Digital_Persona__Fake__Gelatine__010_3_0.png__2df46441__010_3_0.png,37.8586086699
impostor,Testing__Digital_Persona__Fake__Gelatine__010_3_4.png__44e84fe4__010_3_4.png,41.0650128733
impostor,Testing__Digital_Persona__Fake__Gelatine__010_3_9.png__b7217d9c__010_3_9.png,3.7968330412
impostor,Testing__Digital_Persona__Fake__Gelatine__010_4_0.png__dfe1b838__010_4_0.png,0.5812183914
impostor,Testing__Digital_Persona__Fake__Gelatine__010_4_4.png__adc0521c__010_4_4.png,0.3838059925
impostor,Testing__Digital_Persona__Fake__Gelatine__010_4_9.png__8d89013f__010_4_9.png,1.1101229769
impostor,Testing__Digital_Persona__Fake__Gelatine__010_5_0.png__b71e6bfc__010_5_0.png,2.2036748716
impostor,Testing__Digital_Persona__Fake__Gelatine__010_5_4.png__16071f84__010_5_4.png,7.0817039389
impostor,Testing__Digital_Persona__Fake__Gelatine__010_5_9.png__512078f1__010_5_9.png,6.3379574707
impostor,Testing__Digital_Persona__Fake__Gelatine__010_6_0.png__47a053f1__010_6_0.png,14.4652525257
impostor,Testing__Digital_Persona__Fake__Gelatine__010_6_4.png__37134250__010_6_4.png,23.7986491766
impostor,Testing__Digital_Persona__Fake__Gelatine__010_6_9.png__b1a0b359__010_6_9.png,20.3625712947
impostor,Testing__Digital_Persona__Fake__Gelatine__010_7_0.png__fe9e2598__010_7_0.png,10.7284290381
impostor,Testing__Digital_Persona__Fake__Gelatine__010_7_4.png__a7786d5f__010_7_4.png,23.1664249936
impostor,Testing__Digital_Persona__Fake__Gelatine__010_7_9.png__653c47a5__010_7_9.png,46.3923840619
impostor,Testing__Digital_Persona__Fake__Gelatine__010_8_0.png__059345a3__010_8_0.png,1.5136947952
impostor,Testing__Digital_Persona__Fake__Gelatine__010_8_4.png__17320c47__010_8_4.png,4.02289147
impostor,Testing__Digital_Persona__Fake__Gelatine__010_8_9.png__a5f81646__010_8_9.png,2.2750096707
impostor,Testing__Digital_Persona__Fake__Gelatine__010_9_0.png__ffbeea87__010_9_0.png,9.131459016
impostor,Testing__Digital_Persona__Fake__Gelatine__010_9_4.png__dd40898b__010_9_4.png,6.2146761574
impostor,Testing__Digital_Persona__Fake__Gelatine__010_9_9.png__23589c2a__010_9_9.png,0.302274151
impostor,Testing__Digital_Persona__Fake__Gelatine__012_0_0.png__792d46ae__012_0_0.png,32.8949496022
impostor,Testing__Digital_Persona__Fake__Gelatine__012_0_4.png__46394ce4__012_0_4.png,40.6330098793
impostor,Testing__Digital_Persona__Fake__Gelatine__012_0_9.png__fb07c363__012_0_9.png,0.0
impostor,Testing__Digital_Persona__Fake__Gelatine__012_1_0.png__8fa02aec__012_1_0.png,22.8061385603
impostor,Testing__Digital_Persona__Fake__Gelatine__012_1_4.png__056af9e8__012_1_4.png,28.4631174395
impostor,Testing__Digital_Persona__Fake__Gelatine__012_1_9.png__55ba4d46__012_1_9.png,1.3327638767
impostor,Testing__Digital_Persona__Fake__Gelatine__012_2_0.png__ae31a21d__012_2_0.png,81.1802984082
impostor,Testing__Digital_Persona__Fake__Gelatine__012_2_4.png__642d1e93__012_2_4.png,30.780938821
impostor,Testing__Digital_Persona__Fake__Gelatine__012_2_9.png__f87ab547__012_2_9.png,2.1778997378
impostor,Testing__Digital_Persona__Fake__Gelatine__012_3_0.png__e61b1090__012_3_0.png,4.8941673847
impostor,Testing__Digital_Persona__Fake__Gelatine__012_3_4.png__6cdc4b2a__012_3_4.png,25.7597429937
impostor,Testing__Digital_Persona__Fake__Gelatine__012_3_9.png__e3077ca3__012_3_9.png,6.6158346421
impostor,Testing__Digital_Persona__Fake__Gelatine__012_4_0.png__2f70c288__012_4_0.png,4.1379563852
impostor,Testing__Digital_Persona__Fake__Gelatine__012_4_4.png__f653d0bc__012_4_4.png,3.1396435686
impostor,Testing__Digital_Persona__Fake__Gelatine__012_4_9.png__05a8ef99__012_4_9.png,3.0973924577
impostor,Testing__Digital_Persona__Fake__Gelatine__012_5_0.png__02cac0bf__012_5_0.png,31.7586253945
impostor,Testing__Digital_Persona__Fake__Gelatine__012_5_4.png__c7aa89b0__012_5_4.png,17.3815589006
impostor,Testing__Digital_Persona__Fake__Gelatine__012_5_9.png__69486f4f__012_5_9.png,78.0987845181
impostor,Testing__Digital_Persona__Fake__Gelatine__012_6_0.png__ec378c96__012_6_0.png,43.7444375409
impostor,Testing__Digital_Persona__Fake__Gelatine__012_6_4.png__ed3f8011__012_6_4.png,86.2703682744
impostor,Testing__Digital_Persona__Fake__Gelatine__012_6_9.png__4ccb60a7__012_6_9.png,34.9117197596
impostor,Testing__Digital_Persona__Fake__Gelatine__012_7_0.png__7f86c268__012_7_0.png,61.8720451367
impostor,Testing__Digital_Persona__Fake__Gelatine__012_7_4.png__6324a2e0__012_7_4.png,56.8364867512
impostor,Testing__Digital_Persona__Fake__Gelatine__012_7_9.png__a274097d__012_7_9.png,7.4893118994
impostor,Testing__Digital_Persona__Fake__Gelatine__012_8_0.png__ade80b1a__012_8_0.png,4.5295012191
impostor,Testing__Digital_Persona__Fake__Gelatine__012_8_4.png__86b2bf9f__012_8_4.png,25.9136798555
impostor,Testing__Digital_Persona__Fake__Gelatine__012_8_9.png__f15e82ef__012_8_9.png,8.6987790437
impostor,Testing__Digital_Persona__Fake__Gelatine__012_9_0.png__8894b79f__012_9_0.png,5.0104824865
impostor,Testing__Digital_Persona__Fake__Gelatine__012_9_4.png__a8061584__012_9_4.png,25.7377948323
impostor,Testing__Digital_Persona__Fake__Gelatine__012_9_9.png__b7de17d7__012_9_9.png,9.6603566808
impostor,Testing__Digital_Persona__Fake__Gelatine__014_0_0.png__7359c6c3__014_0_0.png,15.7062913939
impostor,Testing__Digital_Persona__Fake__Gelatine__014_0_4.png__b4a00eb1__014_0_4.png,46.6287387304
impostor,Testing__Digital_Persona__Fake__Gelatine__014_0_9.png__fd086441__014_0_9.png,12.7086222901
impostor,Testing__Digital_Persona__Fake__Gelatine__014_1_0.png__b6b8c60f__014_1_0.png,4.9572708986
impostor,Testing__Digital_Persona__Fake__Gelatine__014_1_4.png__ed73aa3d__014_1_4.png,0.6456640992
impostor,Testing__Digital_Persona__Fake__Gelatine__014_1_9.png__95a9246e__014_1_9.png,60.7912209181
impostor,Testing__Digital_Persona__Fake__Gelatine__014_2_0.png__ccb48f5d__014_2_0.png,9.3032962132
impostor,Testing__Digital_Persona__Fake__Gelatine__014_2_4.png__e47e086a__014_2_4.png,10.6917327292
impostor,Testing__Digital_Persona__Fake__Gelatine__014_2_9.png__7878a888__014_2_9.png,2.3818393009
impostor,Testing__Digital_Persona__Fake__Gelatine__014_3_0.png__41824d48__014_3_0.png,4.8117631511
impostor,Testing__Digital_Persona__Fake__Gelatine__014_3_4.png__2cfb9b64__014_3_4.png,0.543001733
impostor,Testing__Digital_Persona__Fake__Gelatine__014_3_9.png__cf09f150__014_3_9.png,5.565667561
impostor,Testing__Digital_Persona__Fake__Gelatine__014_4_0.png__8d574a3c__014_4_0.png,21.6169139368
impostor,Testing__Digital_Persona__Fake__Gelatine__014_4_4.png__5542a036__014_4_4.png,8.8412406223
impostor,Testing__Digital_Persona__Fake__Gelatine__014_4_9.png__12f2b896__014_4_9.png,7.7815707752
impostor,Testing__Digital_Persona__Fake__Gelatine__014_5_0.png__fcb25bbd__014_5_0.png,26.6110935293
impostor,Testing__Digital_Persona__Fake__Gelatine__014_5_4.png__37ed32ca__014_5_4.png,5.1939377311
impostor,Testing__Digital_Persona__Fake__Gelatine__014_5_9.png__7a4b14e1__014_5_9.png,5.7121844101
impostor,Testing__Digital_Persona__Fake__Gelatine__014_6_0.png__10601e8d__014_6_0.png,5.8559651973
impostor,Testing__Digital_Persona__Fake__Gelatine__014_6_4.png__c5f88ad5__014_6_4.png,2.5819810249
impostor,Testing__Digital_Persona__Fake__Gelatine__014_6_9.png__f062a2a3__014_6_9.png,20.6878991374
impostor,Testing__Digital_Persona__Fake__Gelatine__014_7_0.png__a830c65f__014_7_0.png,0.6496834257
impostor,Testing__Digital_Persona__Fake__Gelatine__014_7_4.png__99677fd1__014_7_4.png,2.0426308225
impostor,Testing__Digital_Persona__Fake__Gelatine__014_7_9.png__104d55fd__014_7_9.png,0.0
impostor,Testing__Digital_Persona__Fake__Gelatine__014_8_0.png__b4fd3683__014_8_0.png,6.0652113081
impostor,Testing__Digital_Persona__Fake__Gelatine__014_8_4.png__a4d0afd1__014_8_4.png,3.219748197
impostor,Testing__Digital_Persona__Fake__Gelatine__014_8_9.png__c26f0325__014_8_9.png,3.9552919315
impostor,Testing__Digital_Persona__Fake__Gelatine__014_9_0.png__de055bde__014_9_0.png,5.0001520706
impostor,Testing__Digital_Persona__Fake__Gelatine__014_9_4.png__c5e1cdda__014_9_4.png,5.8408701466
impostor,Testing__Digital_Persona__Fake__Gelatine__014_9_9.png__767e7166__014_9_9.png,2.1130984606
impostor,Testing__Digital_Persona__Fake__Gelatine__019_0_0.png__05eac9da__019_0_0.png,18.2149945327
impostor,Testing__Digital_Persona__Fake__Gelatine__019_0_4.png__b2c1ac0e__019_0_4.png,34.2455398304
impostor,Testing__Digital_Persona__Fake__Gelatine__019_0_9.png__19c54f9f__019_0_9.png,12.908765172
impostor,Testing__Digital_Persona__Fake__Gelatine__019_1_0.png__477ea953__019_1_0.png,53.8216733705
impostor,Testing__Digital_Persona__Fake__Gelatine__019_1_4.png__20b04add__019_1_4.png,115.2853392466
impostor,Testing__Digital_Persona__Fake__Gelatine__019_1_9.png__c8b483f8__019_1_9.png,101.7043580518
impostor,Testing__Digital_Persona__Fake__Gelatine__019_2_0.png__3fd65cad__019_2_0.png,25.6781886007
impostor,Testing__Digital_Persona__Fake__Gelatine__019_2_4.png__270160fd__019_2_4.png,48.0869735773
impostor,Testing__Digital_Persona__Fake__Gelatine__019_2_9.png__4871c807__019_2_9.png,46.0624680438
impostor,Testing__Digital_Persona__Fake__Gelatine__019_3_0.png__a06747a4__019_3_0.png,28.8618458413
impostor,Testing__Digital_Persona__Fake__Gelatine__019_3_4.png__bcc564b6__019_3_4.png,25.7268653687
impostor,Testing__Digital_Persona__Fake__Gelatine__019_3_9.png__3a21214c__019_3_9.png,19.2620713182
impostor,Testing__Digital_Persona__Fake__Gelatine__019_4_0.png__7dd013d2__019_4_0.png,2.1424631651
impostor,Testing__Digital_Persona__Fake__Gelatine__019_4_4.png__7b7ad5c7__019_4_4.png,4.2728317851
impostor,Testing__Digital_Persona__Fake__Gelatine__019_4_9.png__f0e67ea3__019_4_9.png,4.0157798939
impostor,Testing__Digital_Persona__Fake__Gelatine__019_5_0.png__d78285a3__019_5_0.png,41.6682365017
impostor,Testing__Digital_Persona__Fake__Gelatine__019_5_4.png__386912d4__019_5_4.png,17.0845334792
impostor,Testing__Digital_Persona__Fake__Gelatine__019_5_9.png__4b266066__019_5_9.png,32.1275613694
impostor,Testing__Digital_Persona__Fake__Gelatine__019_6_0.png__f7dc1a20__019_6_0.png,13.1951845555
impostor,Testing__Digital_Persona__Fake__Gelatine__019_6_4.png__c0bc4dcc__019_6_4.png,68.3478458494
impostor,Testing__Digital_Persona__Fake__Gelatine__019_6_9.png__f1e0fcce__019_6_9.png,23.8217551537
impostor,Testing__Digital_Persona__Fake__Gelatine__019_7_0.png__b4c6d513__019_7_0.png,27.7702700096
impostor,Testing__Digital_Persona__Fake__Gelatine__019_7_4.png__3eb7784e__019_7_4.png,30.0624860133
impostor,Testing__Digital_Persona__Fake__Gelatine__019_7_9.png__2ea58484__019_7_9.png,5.0735466839
impostor,Testing__Digital_Persona__Fake__Gelatine__019_8_0.png__980714b9__019_8_0.png,1.0929019678
impostor,Testing__Digital_Persona__Fake__Gelatine__019_8_4.png__0d63d85e__019_8_4.png,1.2126979641
impostor,Testing__Digital_Persona__Fake__Gelatine__019_8_9.png__1110a4d3__019_8_9.png,1.250101728
impostor,Testing__Digital_Persona__Fake__Gelatine__019_9_0.png__ecfbeb1d__019_9_0.png,1.4174284235
impostor,Testing__Digital_Persona__Fake__Gelatine__019_9_4.png__0ee19b83__019_9_4.png,7.8269947782
impostor,Testing__Digital_Persona__Fake__Gelatine__019_9_9.png__f230febb__019_9_9.png,7.0804241143
impostor,Testing__Digital_Persona__Fake__Latex__002_0_0.png__96549f93__002_0_0.png,99.1714014284
impostor,Testing__Digital_Persona__Fake__Latex__002_0_4.png__5b5f19e5__002_0_4.png,95.7920121027
impostor,Testing__Digital_Persona__Fake__Latex__002_0_5.png__55b05a32__002_0_5.png,111.9602622307
impostor,Testing__Digital_Persona__Fake__Latex__002_0_9.png__9d4cdff4__002_0_9.png,62.2559412629
impostor,Testing__Digital_Persona__Fake__Latex__002_1_0.png__47e36e05__002_1_0.png,12.9822163329
impostor,Testing__Digital_Persona__Fake__Latex__002_1_4.png__420e39c4__002_1_4.png,11.2913190549
impostor,Testing__Digital_Persona__Fake__Latex__002_1_5.png__0522ef51__002_1_5.png,39.6666845045
impostor,Testing__Digital_Persona__Fake__Latex__002_1_9.png__f544ddaf__002_1_9.png,17.3379524487
impostor,Testing__Digital_Persona__Fake__Latex__002_2_0.png__2325e1ca__002_2_0.png,70.4305237972
impostor,Testing__Digital_Persona__Fake__Latex__002_2_4.png__60c66924__002_2_4.png,78.0965672436
impostor,Testing__Digital_Persona__Fake__Latex__002_2_5.png__c6b5f3c4__002_2_5.png,87.1040657629
impostor,Testing__Digital_Persona__Fake__Latex__002_2_9.png__3837223f__002_2_9.png,79.1545261999
impostor,Testing__Digital_Persona__Fake__Latex__002_3_0.png__fcb46289__002_3_0.png,20.2219953192
impostor,Testing__Digital_Persona__Fake__Latex__002_3_4.png__34b3d4bd__002_3_4.png,5.2867289386
impostor,Testing__Digital_Persona__Fake__Latex__002_3_5.png__176b6aaf__002_3_5.png,3.0267432023
impostor,Testing__Digital_Persona__Fake__Latex__002_3_9.png__225267c6__002_3_9.png,5.0614216188
impostor,Testing__Digital_Persona__Fake__Latex__002_4_0.png__56b47fbd__002_4_0.png,44.1391400091
impostor,Testing__Digital_Persona__Fake__Latex__002_4_4.png__db2f6cab__002_4_4.png,27.33137224
impostor,Testing__Digital_Persona__Fake__Latex__002_4_5.png__a4f812aa__002_4_5.png,29.6281498021
impostor,Testing__Digital_Persona__Fake__Latex__002_4_9.png__8c5fa27e__002_4_9.png,25.3077948773
impostor,Testing__Digital_Persona__Fake__Latex__002_5_0.png__83a8ac6e__002_5_0.png,104.0426048613
impostor,Testing__Digital_Persona__Fake__Latex__002_5_4.png__b44767a1__002_5_4.png,34.6064075253
impostor,Testing__Digital_Persona__Fake__Latex__002_5_5.png__1dbbb130__002_5_5.png,58.9814153159
impostor,Testing__Digital_Persona__Fake__Latex__002_5_9.png__f64b34af__002_5_9.png,38.5940257873
impostor,Testing__Digital_Persona__Fake__Latex__002_6_0.png__ed97983c__002_6_0.png,102.7503065649
impostor,Testing__Digital_Persona__Fake__Latex__002_6_4.png__179cf6e7__002_6_4.png,79.2419442398
impostor,Testing__Digital_Persona__Fake__Latex__002_6_5.png__012e3d31__002_6_5.png,109.4504862397
impostor,Testing__Digital_Persona__Fake__Latex__002_6_9.png__4e95e4bf__002_6_9.png,72.0886582148
impostor,Testing__Digital_Persona__Fake__Latex__002_7_0.png__147b13a1__002_7_0.png,107.2409895418
impostor,Testing__Digital_Persona__Fake__Latex__002_7_4.png__30af1904__002_7_4.png,105.4635430212
impostor,Testing__Digital_Persona__Fake__Latex__002_7_5.png__d20c7832__002_7_5.png,112.8289652698
impostor,Testing__Digital_Persona__Fake__Latex__002_7_9.png__49eb4ce7__002_7_9.png,125.9480205748
impostor,Testing__Digital_Persona__Fake__Latex__002_8_0.png__fcf96ce0__002_8_0.png,71.5116402019
impostor,Testing__Digital_Persona__Fake__Latex__002_8_4.png__adbf50cc__002_8_4.png,91.7230183212
impostor,Testing__Digital_Persona__Fake__Latex__002_8_5.png__1574c8fa__002_8_5.png,59.4719067947
impostor,Testing__Digital_Persona__Fake__Latex__002_8_9.png__624cba1a__002_8_9.png,56.4092469931
impostor,Testing__Digital_Persona__Fake__Latex__002_9_0.png__c345f6f0__002_9_0.png,77.313049276
impostor,Testing__Digital_Persona__Fake__Latex__002_9_4.png__7a9131b6__002_9_4.png,88.2048805849
impostor,Testing__Digital_Persona__Fake__Latex__002_9_5.png__744ab048__002_9_5.png,92.4642616026
impostor,Testing__Digital_Persona__Fake__Latex__002_9_9.png__25664f04__002_9_9.png,116.1725384618
impostor,Testing__Digital_Persona__Fake__Latex__003_0_0.png__0308e9d2__003_0_0.png,54.564256224
impostor,Testing__Digital_Persona__Fake__Latex__003_0_4.png__4bd01c74__003_0_4.png,1.5518757661
impostor,Testing__Digital_Persona__Fake__Latex__003_0_9.png__b086ec3b__003_0_9.png,7.6409940662
impostor,Testing__Digital_Persona__Fake__Latex__003_1_0.png__f14fc190__003_1_0.png,1.0369695592
impostor,Testing__Digital_Persona__Fake__Latex__003_1_4.png__9ca1d1a8__003_1_4.png,0.2744052026
impostor,Testing__Digital_Persona__Fake__Latex__003_1_9.png__9dbdf8cd__003_1_9.png,8.4780466579
impostor,Testing__Digital_Persona__Fake__Latex__003_2_0.png__3a637477__003_2_0.png,2.1318693911
impostor,Testing__Digital_Persona__Fake__Latex__003_2_4.png__063af827__003_2_4.png,2.6529459142
impostor,Testing__Digital_Persona__Fake__Latex__003_2_9.png__408c8942__003_2_9.png,7.2504414043
impostor,Testing__Digital_Persona__Fake__Latex__003_3_0.png__ec07cf7e__003_3_0.png,2.1497551106
impostor,Testing__Digital_Persona__Fake__Latex__003_3_4.png__5029d948__003_3_4.png,5.3117327611
impostor,Testing__Digital_Persona__Fake__Latex__003_3_9.png__a5f6f9ee__003_3_9.png,2.490050391
impostor,Testing__Digital_Persona__Fake__Latex__003_4_0.png__27c1ee6e__003_4_0.png,2.2666936562
impostor,Testing__Digital_Persona__Fake__Latex__003_4_4.png__5f5da84d__003_4_4.png,3.8353685119
impostor,Testing__Digital_Persona__Fake__Latex__003_4_9.png__aa31e4fe__003_4_9.png,6.8491763133
impostor,Testing__Digital_Persona__Fake__Latex__003_5_0.png__77b8b214__003_5_0.png,10.5151460172
impostor,Testing__Digital_Persona__Fake__Latex__003_5_4.png__65b9af6c__003_5_4.png,5.7628485351
impostor,Testing__Digital_Persona__Fake__Latex__003_5_9.png__51893f2a__003_5_9.png,7.4896974648
impostor,Testing__Digital_Persona__Fake__Latex__003_6_0.png__822dc4bc__003_6_0.png,1.6717527378
impostor,Testing__Digital_Persona__Fake__Latex__003_6_4.png__6be7b89b__003_6_4.png,2.650092751
impostor,Testing__Digital_Persona__Fake__Latex__003_6_9.png__b4f55d57__003_6_9.png,2.7547989389
impostor,Testing__Digital_Persona__Fake__Latex__003_7_0.png__dab0dce4__003_7_0.png,6.1868079457
impostor,Testing__Digital_Persona__Fake__Latex__003_7_4.png__ef0b8679__003_7_4.png,3.9480683503
impostor,Testing__Digital_Persona__Fake__Latex__003_7_9.png__85339331__003_7_9.png,5.9368736519
impostor,Testing__Digital_Persona__Fake__Latex__003_8_0.png__490ac286__003_8_0.png,5.272504713
impostor,Testing__Digital_Persona__Fake__Latex__003_8_4.png__c6aa49c8__003_8_4.png,5.9536064043
impostor,Testing__Digital_Persona__Fake__Latex__003_8_9.png__9af3eadb__003_8_9.png,3.2596570394
impostor,Testing__Digital_Persona__Fake__Latex__003_9_0.png__cb2ced8e__003_9_0.png,1.2233367191
impostor,Testing__Digital_Persona__Fake__Latex__003_9_4.png__ef07356f__003_9_4.png,4.9074090147
impostor,Testing__Digital_Persona__Fake__Latex__003_9_9.png__3b7d6046__003_9_9.png,0.3518908559
impostor,Testing__Digital_Persona__Fake__Latex__008_0_0.png__0a39cd8c__008_0_0.png,4.3992537816
impostor,Testing__Digital_Persona__Fake__Latex__008_0_4.png__6a11035d__008_0_4.png,2.7034461224
impostor,Testing__Digital_Persona__Fake__Latex__008_0_9.png__9cd5ae16__008_0_9.png,4.3729558699
impostor,Testing__Digital_Persona__Fake__Latex__008_1_0.png__e71ced82__008_1_0.png,0.0
impostor,Testing__Digital_Persona__Fake__Latex__008_1_4.png__b50dc324__008_1_4.png,4.2600350049
impostor,Testing__Digital_Persona__Fake__Latex__008_1_9.png__f08a1fad__008_1_9.png,2.2791319381
impostor,Testing__Digital_Persona__Fake__Latex__008_2_0.png__a42b6d7a__008_2_0.png,11.0055388507
impostor,Testing__Digital_Persona__Fake__Latex__008_2_4.png__e199d498__008_2_4.png,1.9449029168
impostor,Testing__Digital_Persona__Fake__Latex__008_2_9.png__4ca70cad__008_2_9.png,4.2024603389
impostor,Testing__Digital_Persona__Fake__Latex__008_3_0.png__65db4f9e__008_3_0.png,0.0
impostor,Testing__Digital_Persona__Fake__Latex__008_3_4.png__cfc69218__008_3_4.png,1.0170636875
impostor,Testing__Digital_Persona__Fake__Latex__008_3_9.png__e98ed856__008_3_9.png,0.0
impostor,Testing__Digital_Persona__Fake__Latex__008_4_0.png__67fd1816__008_4_0.png,9.4554825012
impostor,Testing__Digital_Persona__Fake__Latex__008_4_4.png__78796ab0__008_4_4.png,2.6938534575
impostor,Testing__Digital_Persona__Fake__Latex__008_4_9.png__1f68cb06__008_4_9.png,12.8215543712
impostor,Testing__Digital_Persona__Fake__Latex__008_5_0.png__2241f7b7__008_5_0.png,22.7107715322
impostor,Testing__Digital_Persona__Fake__Latex__008_5_4.png__6fc54046__008_5_4.png,21.6143475467
impostor,Testing__Digital_Persona__Fake__Latex__008_5_9.png__3a377fe5__008_5_9.png,9.1327092446
impostor,Testing__Digital_Persona__Fake__Latex__008_6_0.png__45abb134__008_6_0.png,14.7429942699
impostor,Testing__Digital_Persona__Fake__Latex__008_6_4.png__50e24a72__008_6_4.png,4.1870971047
impostor,Testing__Digital_Persona__Fake__Latex__008_6_9.png__427e0046__008_6_9.png,20.7130508648
impostor,Testing__Digital_Persona__Fake__Latex__008_7_0.png__0387ac1f__008_7_0.png,3.7762851956
impostor,Testing__Digital_Persona__Fake__Latex__008_7_4.png__110aed1c__008_7_4.png,1.4828170489
impostor,Testing__Digital_Persona__Fake__Latex__008_7_9.png__1b321733__008_7_9.png,5.5365901343
impostor,Testing__Digital_Persona__Fake__Latex__008_8_0.png__9de1e925__008_8_0.png,18.8545519258
impostor,Testing__Digital_Persona__Fake__Latex__008_8_4.png__fbc46c3d__008_8_4.png,9.6804484296
impostor,Testing__Digital_Persona__Fake__Latex__008_8_9.png__1b91aafd__008_8_9.png,1.7648894109
impostor,Testing__Digital_Persona__Fake__Latex__008_9_0.png__f9c23e06__008_9_0.png,2.4159953477
impostor,Testing__Digital_Persona__Fake__Latex__008_9_4.png__f04b4c19__008_9_4.png,4.2203872728
impostor,Testing__Digital_Persona__Fake__Latex__008_9_9.png__e16d19e1__008_9_9.png,26.1847381652
impostor,Testing__Digital_Persona__Fake__Latex__010_0_0.png__a3d4b7d0__010_0_0.png,11.6603402361
impostor,Testing__Digital_Persona__Fake__Latex__010_0_4.png__4b770e51__010_0_4.png,39.444668521
impostor,Testing__Digital_Persona__Fake__Latex__010_0_9.png__67bb8ed6__010_0_9.png,40.8194302628
impostor,Testing__Digital_Persona__Fake__Latex__010_1_0.png__7f9d0766__010_1_0.png,10.5499340035
impostor,Testing__Digital_Persona__Fake__Latex__010_1_4.png__f1ff48b0__010_1_4.png,0.6001974616
impostor,Testing__Digital_Persona__Fake__Latex__010_1_9.png__fc906227__010_1_9.png,7.6189501575
impostor,Testing__Digital_Persona__Fake__Latex__010_2_0.png__414990b2__010_2_0.png,10.489547246
impostor,Testing__Digital_Persona__Fake__Latex__010_2_4.png__dca92a06__010_2_4.png,43.1087047393
impostor,Testing__Digital_Persona__Fake__Latex__010_2_9.png__a48aded4__010_2_9.png,0.2009549766
impostor,Testing__Digital_Persona__Fake__Latex__010_3_0.png__68a4a7e3__010_3_0.png,26.7526078171
impostor,Testing__Digital_Persona__Fake__Latex__010_3_4.png__88ba06cf__010_3_4.png,30.0414749572
impostor,Testing__Digital_Persona__Fake__Latex__010_3_9.png__1709b6a6__010_3_9.png,36.4504565309
impostor,Testing__Digital_Persona__Fake__Latex__010_4_0.png__120246e2__010_4_0.png,1.4914525751
impostor,Testing__Digital_Persona__Fake__Latex__010_4_4.png__c109af04__010_4_4.png,12.89272731
impostor,Testing__Digital_Persona__Fake__Latex__010_4_9.png__38c7b597__010_4_9.png,1.1191224369
impostor,Testing__Digital_Persona__Fake__Latex__010_5_0.png__6a9c6da9__010_5_0.png,4.1162875681
impostor,Testing__Digital_Persona__Fake__Latex__010_5_4.png__95ac1886__010_5_4.png,29.4060338017
impostor,Testing__Digital_Persona__Fake__Latex__010_5_9.png__b68cddf4__010_5_9.png,6.4822053133
impostor,Testing__Digital_Persona__Fake__Latex__010_6_0.png__83019cce__010_6_0.png,13.4286127811
impostor,Testing__Digital_Persona__Fake__Latex__010_6_4.png__73845847__010_6_4.png,1.4707891837
impostor,Testing__Digital_Persona__Fake__Latex__010_6_9.png__6f42b758__010_6_9.png,0.68018233
impostor,Testing__Digital_Persona__Fake__Latex__010_7_0.png__5874cc94__010_7_0.png,0.0
impostor,Testing__Digital_Persona__Fake__Latex__010_7_4.png__30b8dee7__010_7_4.png,1.0245249546
impostor,Testing__Digital_Persona__Fake__Latex__010_7_9.png__92baaded__010_7_9.png,4.8659962369
impostor,Testing__Digital_Persona__Fake__Latex__010_8_0.png__ea1340bc__010_8_0.png,1.8783225814
impostor,Testing__Digital_Persona__Fake__Latex__010_8_4.png__69f22d90__010_8_4.png,0.0
impostor,Testing__Digital_Persona__Fake__Latex__010_8_9.png__31a9891c__010_8_9.png,0.0
impostor,Testing__Digital_Persona__Fake__Latex__010_9_0.png__f48af9e8__010_9_0.png,0.2562724824
impostor,Testing__Digital_Persona__Fake__Latex__010_9_4.png__f6ac5c77__010_9_4.png,0.4277314059
impostor,Testing__Digital_Persona__Fake__Latex__010_9_9.png__445b3208__010_9_9.png,0.0
impostor,Testing__Digital_Persona__Fake__Latex__012_0_0.png__b5022577__012_0_0.png,15.5099816629
impostor,Testing__Digital_Persona__Fake__Latex__012_0_4.png__d4297b8d__012_0_4.png,0.5684086264
impostor,Testing__Digital_Persona__Fake__Latex__012_0_9.png__5c44e5cb__012_0_9.png,4.9973216385
impostor,Testing__Digital_Persona__Fake__Latex__012_1_0.png__635ec17f__012_1_0.png,24.819136151
impostor,Testing__Digital_Persona__Fake__Latex__012_1_4.png__5dc90d21__012_1_4.png,28.9773310043
impostor,Testing__Digital_Persona__Fake__Latex__012_1_9.png__c35037f0__012_1_9.png,9.0639439443
impostor,Testing__Digital_Persona__Fake__Latex__012_2_0.png__681a4442__012_2_0.png,82.1580448371
impostor,Testing__Digital_Persona__Fake__Latex__012_2_4.png__a2d557fd__012_2_4.png,45.7300733579
impostor,Testing__Digital_Persona__Fake__Latex__012_2_9.png__4eaeebb0__012_2_9.png,33.5801570153
impostor,Testing__Digital_Persona__Fake__Latex__012_3_0.png__95cfe86c__012_3_0.png,46.244049257
impostor,Testing__Digital_Persona__Fake__Latex__012_3_4.png__6db14ad1__012_3_4.png,2.3511301305
impostor,Testing__Digital_Persona__Fake__Latex__012_3_9.png__51c2e9ce__012_3_9.png,24.4830942104
impostor,Testing__Digital_Persona__Fake__Latex__012_4_0.png__5e75df13__012_4_0.png,38.9941407504
impostor,Testing__Digital_Persona__Fake__Latex__012_4_4.png__bd0be2f8__012_4_4.png,29.7920883118
impostor,Testing__Digital_Persona__Fake__Latex__012_4_9.png__5b8f1836__012_4_9.png,36.2173323093
impostor,Testing__Digital_Persona__Fake__Latex__012_5_0.png__cbae290e__012_5_0.png,8.6425254167
impostor,Testing__Digital_Persona__Fake__Latex__012_5_4.png__f9aab9ea__012_5_4.png,55.4848912983
impostor,Testing__Digital_Persona__Fake__Latex__012_5_9.png__a6cc7f53__012_5_9.png,6.0429599703
impostor,Testing__Digital_Persona__Fake__Latex__012_6_0.png__335b8d27__012_6_0.png,89.0962832058
impostor,Testing__Digital_Persona__Fake__Latex__012_6_4.png__5f0ecaad__012_6_4.png,70.9367405502
impostor,Testing__Digital_Persona__Fake__Latex__012_6_9.png__40217204__012_6_9.png,58.8335674524
impostor,Testing__Digital_Persona__Fake__Latex__012_7_0.png__aae8634c__012_7_0.png,52.9254096651
impostor,Testing__Digital_Persona__Fake__Latex__012_7_4.png__39009ff0__012_7_4.png,76.9505165887
impostor,Testing__Digital_Persona__Fake__Latex__012_7_9.png__d1adb9ec__012_7_9.png,36.5733494739
impostor,Testing__Digital_Persona__Fake__Latex__012_8_0.png__cbd4928f__012_8_0.png,32.8858164532
impostor,Testing__Digital_Persona__Fake__Latex__012_8_4.png__e1f0d7d2__012_8_4.png,35.1810888774
impostor,Testing__Digital_Persona__Fake__Latex__012_8_9.png__f368e564__012_8_9.png,39.9505416883
impostor,Testing__Digital_Persona__Fake__Latex__012_9_0.png__621295c2__012_9_0.png,14.8539463861
impostor,Testing__Digital_Persona__Fake__Latex__012_9_4.png__3470fd3d__012_9_4.png,1.6285681815
impostor,Testing__Digital_Persona__Fake__Latex__012_9_9.png__31c20bed__012_9_9.png,4.3701678248
impostor,Testing__Digital_Persona__Fake__Latex__014_0_0.png__6873d410__014_0_0.png,80.1970861628
impostor,Testing__Digital_Persona__Fake__Latex__014_0_4.png__cb3be317__014_0_4.png,118.0697506608
impostor,Testing__Digital_Persona__Fake__Latex__014_0_9.png__ef880a27__014_0_9.png,72.5433823597
impostor,Testing__Digital_Persona__Fake__Latex__014_1_0.png__b995667f__014_1_0.png,31.4107564394
impostor,Testing__Digital_Persona__Fake__Latex__014_1_4.png__8e633e48__014_1_4.png,27.0754058101
impostor,Testing__Digital_Persona__Fake__Latex__014_1_9.png__e0a1ab76__014_1_9.png,58.9434915707
impostor,Testing__Digital_Persona__Fake__Latex__014_2_0.png__f07604fb__014_2_0.png,20.7638635331
impostor,Testing__Digital_Persona__Fake__Latex__014_2_4.png__779c8f09__014_2_4.png,2.9637563975
impostor,Testing__Digital_Persona__Fake__Latex__014_2_9.png__a9e8473a__014_2_9.png,7.0440333997
impostor,Testing__Digital_Persona__Fake__Latex__014_3_0.png__80df5d01__014_3_0.png,45.7368231297
impostor,Testing__Digital_Persona__Fake__Latex__014_3_4.png__eb33a3be__014_3_4.png,16.6131068206
impostor,Testing__Digital_Persona__Fake__Latex__014_3_9.png__5c2191ef__014_3_9.png,14.460005617
impostor,Testing__Digital_Persona__Fake__Latex__014_4_0.png__3fbd4f9c__014_4_0.png,8.3733435799
impostor,Testing__Digital_Persona__Fake__Latex__014_4_4.png__b2b5fe75__014_4_4.png,25.8079006991
impostor,Testing__Digital_Persona__Fake__Latex__014_4_9.png__3ebba22a__014_4_9.png,16.2425452105
impostor,Testing__Digital_Persona__Fake__Latex__014_5_0.png__f87a20f4__014_5_0.png,59.0594716334
impostor,Testing__Digital_Persona__Fake__Latex__014_5_4.png__c17489e2__014_5_4.png,131.4649184884
impostor,Testing__Digital_Persona__Fake__Latex__014_5_9.png__4e9c9b8b__014_5_9.png,46.3120528482
impostor,Testing__Digital_Persona__Fake__Latex__014_6_0.png__0af27fd7__014_6_0.png,14.3751194562
impostor,Testing__Digital_Persona__Fake__Latex__014_6_4.png__4c7d69b4__014_6_4.png,18.0588247607
impostor,Testing__Digital_Persona__Fake__Latex__014_6_9.png__67998a31__014_6_9.png,31.3238228871
impostor,Testing__Digital_Persona__Fake__Latex__014_7_0.png__409f9fea__014_7_0.png,9.567353883
impostor,Testing__Digital_Persona__Fake__Latex__014_7_4.png__85a223c7__014_7_4.png,7.3408961064
impostor,Testing__Digital_Persona__Fake__Latex__014_7_9.png__c1976cc5__014_7_9.png,1.7654833024
impostor,Testing__Digital_Persona__Fake__Latex__014_8_0.png__b451e1c8__014_8_0.png,2.0389193981
impostor,Testing__Digital_Persona__Fake__Latex__014_8_4.png__52b37e03__014_8_4.png,3.5248818234
impostor,Testing__Digital_Persona__Fake__Latex__014_8_9.png__05d2a378__014_8_9.png,5.4697340198
impostor,Testing__Digital_Persona__Fake__Latex__014_9_0.png__0c405a25__014_9_0.png,14.6274447367
impostor,Testing__Digital_Persona__Fake__Latex__014_9_4.png__3078843f__014_9_4.png,25.6475505404
impostor,Testing__Digital_Persona__Fake__Latex__014_9_9.png__46345ddb__014_9_9.png,15.008309646
impostor,Testing__Digital_Persona__Fake__Latex__019_0_0.png__6bebeaa7__019_0_0.png,1.6756346083
impostor,Testing__Digital_Persona__Fake__Latex__019_0_4.png__37ba3554__019_0_4.png,14.3276217119
impostor,Testing__Digital_Persona__Fake__Latex__019_0_9.png__80bf0847__019_0_9.png,0.421564029
impostor,Testing__Digital_Persona__Fake__Latex__019_1_0.png__e2c39d16__019_1_0.png,25.3253462966
impostor,Testing__Digital_Persona__Fake__Latex__019_1_4.png__c38df699__019_1_4.png,5.8014316352
impostor,Testing__Digital_Persona__Fake__Latex__019_1_9.png__b3a9091f__019_1_9.png,2.2173378207
impostor,Testing__Digital_Persona__Fake__Latex__019_2_0.png__05f1b603__019_2_0.png,7.8277855921
impostor,Testing__Digital_Persona__Fake__Latex__019_2_4.png__db280bd2__019_2_4.png,4.8473879437
impostor,Testing__Digital_Persona__Fake__Latex__019_2_9.png__ba94ea3d__019_2_9.png,0.0
impostor,Testing__Digital_Persona__Fake__Latex__019_3_0.png__d635126b__019_3_0.png,0.9088977461
impostor,Testing__Digital_Persona__Fake__Latex__019_3_4.png__48ca6081__019_3_4.png,1.5152219176
impostor,Testing__Digital_Persona__Fake__Latex__019_3_9.png__9b4d00b2__019_3_9.png,1.6086782335
impostor,Testing__Digital_Persona__Fake__Latex__019_4_0.png__75d5a41c__019_4_0.png,5.8557728584
impostor,Testing__Digital_Persona__Fake__Latex__019_4_4.png__f3f0c3e8__019_4_4.png,1.4294588029
impostor,Testing__Digital_Persona__Fake__Latex__019_4_9.png__233ea38a__019_4_9.png,1.9505981429
impostor,Testing__Digital_Persona__Fake__Latex__019_5_0.png__cdd31407__019_5_0.png,0.0
impostor,Testing__Digital_Persona__Fake__Latex__019_5_4.png__ac593e13__019_5_4.png,24.8944070979
impostor,Testing__Digital_Persona__Fake__Latex__019_5_9.png__07d1d868__019_5_9.png,2.8466460395
impostor,Testing__Digital_Persona__Fake__Latex__019_6_0.png__e2b6f0d6__019_6_0.png,4.6891937142
impostor,Testing__Digital_Persona__Fake__Latex__019_6_4.png__4568f6b7__019_6_4.png,4.1082128804
impostor,Testing__Digital_Persona__Fake__Latex__019_6_9.png__fa768351__019_6_9.png,0.8225849032
impostor,Testing__Digital_Persona__Fake__Latex__019_7_0.png__70419aa4__019_7_0.png,6.5971685358
impostor,Testing__Digital_Persona__Fake__Latex__019_7_4.png__30553d98__019_7_4.png,0.0
impostor,Testing__Digital_Persona__Fake__Latex__019_7_9.png__049bd238__019_7_9.png,7.8010327722
impostor,Testing__Digital_Persona__Fake__Latex__019_8_0.png__2d6caeb1__019_8_0.png,0.0
impostor,Testing__Digital_Persona__Fake__Latex__019_8_4.png__ca4ce0af__019_8_4.png,1.1975111317
impostor,Testing__Digital_Persona__Fake__Latex__019_8_9.png__56d1c405__019_8_9.png,0.2699182727
impostor,Testing__Digital_Persona__Fake__Latex__019_9_0.png__cf9f30b1__019_9_0.png,2.5149415333
impostor,Testing__Digital_Persona__Fake__Latex__019_9_4.png__5fb1172a__019_9_4.png,0.0
impostor,Testing__Digital_Persona__Fake__Latex__019_9_9.png__200d965c__019_9_9.png,1.6814523958
impostor,Testing__Digital_Persona__Fake__Woodglue__002_0_0.png__d34f8e3d__002_0_0.png,129.4115096236
impostor,Testing__Digital_Persona__Fake__Woodglue__002_0_4.png__093cc49f__002_0_4.png,99.6668362802
impostor,Testing__Digital_Persona__Fake__Woodglue__002_0_5.png__b94f4e00__002_0_5.png,96.6166607761
impostor,Testing__Digital_Persona__Fake__Woodglue__002_0_9.png__c5f37a3e__002_0_9.png,111.6150844022
impostor,Testing__Digital_Persona__Fake__Woodglue__002_1_0.png__080f5d1c__002_1_0.png,85.4924040122
impostor,Testing__Digital_Persona__Fake__Woodglue__002_1_4.png__8513e252__002_1_4.png,100.129734315
impostor,Testing__Digital_Persona__Fake__Woodglue__002_1_5.png__08aa54b9__002_1_5.png,80.3460741642
impostor,Testing__Digital_Persona__Fake__Woodglue__002_1_9.png__1a60543b__002_1_9.png,61.9830053614
impostor,Testing__Digital_Persona__Fake__Woodglue__002_2_0.png__99da20d2__002_2_0.png,134.7236345429
impostor,Testing__Digital_Persona__Fake__Woodglue__002_2_4.png__4e5a9e54__002_2_4.png,133.7693249646
impostor,Testing__Digital_Persona__Fake__Woodglue__002_2_5.png__da336fd1__002_2_5.png,59.8162309067
impostor,Testing__Digital_Persona__Fake__Woodglue__002_2_9.png__adb9afaa__002_2_9.png,66.12417076
impostor,Testing__Digital_Persona__Fake__Woodglue__002_3_0.png__85fa1623__002_3_0.png,22.999552365
impostor,Testing__Digital_Persona__Fake__Woodglue__002_3_4.png__3c9aa3e5__002_3_4.png,30.9558592816
impostor,Testing__Digital_Persona__Fake__Woodglue__002_3_5.png__6621f28a__002_3_5.png,9.7917075735
impostor,Testing__Digital_Persona__Fake__Woodglue__002_3_9.png__7a559d28__002_3_9.png,30.1420860247
impostor,Testing__Digital_Persona__Fake__Woodglue__002_4_0.png__89d76f5d__002_4_0.png,36.5769069595
impostor,Testing__Digital_Persona__Fake__Woodglue__002_4_4.png__2e151828__002_4_4.png,16.6222616023
impostor,Testing__Digital_Persona__Fake__Woodglue__002_4_5.png__f63289c6__002_4_5.png,47.5661178824
impostor,Testing__Digital_Persona__Fake__Woodglue__002_4_9.png__8bf2da64__002_4_9.png,31.9599282739
impostor,Testing__Digital_Persona__Fake__Woodglue__002_5_0.png__bbd51722__002_5_0.png,129.4790224762
impostor,Testing__Digital_Persona__Fake__Woodglue__002_5_4.png__4728b867__002_5_4.png,72.5660937033
impostor,Testing__Digital_Persona__Fake__Woodglue__002_5_5.png__d656cb35__002_5_5.png,65.4333433142
impostor,Testing__Digital_Persona__Fake__Woodglue__002_5_9.png__b6f79bb4__002_5_9.png,82.3845299438
impostor,Testing__Digital_Persona__Fake__Woodglue__002_6_0.png__36f1de93__002_6_0.png,136.3647119176
impostor,Testing__Digital_Persona__Fake__Woodglue__002_6_4.png__a60240a5__002_6_4.png,111.1322547075
impostor,Testing__Digital_Persona__Fake__Woodglue__002_6_5.png__4a3540bb__002_6_5.png,143.6299853185
impostor,Testing__Digital_Persona__Fake__Woodglue__002_6_9.png__d347b861__002_6_9.png,118.3882260291
impostor,Testing__Digital_Persona__Fake__Woodglue__002_7_0.png__aa77b96f__002_7_0.png,72.8261300299
impostor,Testing__Digital_Persona__Fake__Woodglue__002_7_4.png__31669632__002_7_4.png,80.5065573609
impostor,Testing__Digital_Persona__Fake__Woodglue__002_7_5.png__57b6ad45__002_7_5.png,107.5780431987
impostor,Testing__Digital_Persona__Fake__Woodglue__002_7_9.png__1d9dbdf6__002_7_9.png,83.0974803966
impostor,Testing__Digital_Persona__Fake__Woodglue__002_8_0.png__8aa22417__002_8_0.png,88.1979128247
impostor,Testing__Digital_Persona__Fake__Woodglue__002_8_4.png__4b0b04c4__002_8_4.png,48.7992479421
impostor,Testing__Digital_Persona__Fake__Woodglue__002_8_5.png__6a24c2ec__002_8_5.png,88.6975482212
impostor,Testing__Digital_Persona__Fake__Woodglue__002_8_9.png__7a900733__002_8_9.png,74.7466224827
impostor,Testing__Digital_Persona__Fake__Woodglue__002_9_0.png__c3e4da44__002_9_0.png,101.0024883796
impostor,Testing__Digital_Persona__Fake__Woodglue__002_9_4.png__173889e7__002_9_4.png,55.0686852989
impostor,Testing__Digital_Persona__Fake__Woodglue__002_9_5.png__05529f17__002_9_5.png,90.7810451632
impostor,Testing__Digital_Persona__Fake__Woodglue__002_9_9.png__d87456a1__002_9_9.png,74.2064621655
impostor,Testing__Digital_Persona__Fake__Woodglue__003_0_0.png__cc1e7b3b__003_0_0.png,9.8896024642
impostor,Testing__Digital_Persona__Fake__Woodglue__003_0_4.png__f9c92abc__003_0_4.png,5.1632957747
impostor,Testing__Digital_Persona__Fake__Woodglue__003_0_9.png__2aee2780__003_0_9.png,2.5268442331
impostor,Testing__Digital_Persona__Fake__Woodglue__003_1_0.png__22481342__003_1_0.png,1.7775616622
impostor,Testing__Digital_Persona__Fake__Woodglue__003_1_4.png__b5b2e865__003_1_4.png,4.2151438086
impostor,Testing__Digital_Persona__Fake__Woodglue__003_1_9.png__9c406000__003_1_9.png,2.7859874891
impostor,Testing__Digital_Persona__Fake__Woodglue__003_2_0.png__cf98f61e__003_2_0.png,3.4763716796
impostor,Testing__Digital_Persona__Fake__Woodglue__003_2_4.png__ae527308__003_2_4.png,13.2104048694
impostor,Testing__Digital_Persona__Fake__Woodglue__003_2_9.png__033c27dc__003_2_9.png,0.023646027
impostor,Testing__Digital_Persona__Fake__Woodglue__003_3_0.png__7b31723c__003_3_0.png,12.9401423175
impostor,Testing__Digital_Persona__Fake__Woodglue__003_3_4.png__a9dd80a4__003_3_4.png,0.7654931155
impostor,Testing__Digital_Persona__Fake__Woodglue__003_3_9.png__f771b64a__003_3_9.png,2.4467763979
impostor,Testing__Digital_Persona__Fake__Woodglue__003_4_0.png__5f58a357__003_4_0.png,5.8265270487
impostor,Testing__Digital_Persona__Fake__Woodglue__003_4_4.png__8ba49a7d__003_4_4.png,1.4808706762
impostor,Testing__Digital_Persona__Fake__Woodglue__003_4_9.png__002d9627__003_4_9.png,4.3119874823
impostor,Testing__Digital_Persona__Fake__Woodglue__003_5_0.png__f22c6213__003_5_0.png,16.040474295
impostor,Testing__Digital_Persona__Fake__Woodglue__003_5_4.png__f47e1e78__003_5_4.png,7.3625514538
impostor,Testing__Digital_Persona__Fake__Woodglue__003_5_9.png__23cd89e5__003_5_9.png,7.8020543938
impostor,Testing__Digital_Persona__Fake__Woodglue__003_6_0.png__41af8d04__003_6_0.png,7.805986216
impostor,Testing__Digital_Persona__Fake__Woodglue__003_6_4.png__47220321__003_6_4.png,4.0152452006
impostor,Testing__Digital_Persona__Fake__Woodglue__003_6_9.png__57ebafe3__003_6_9.png,2.7022541983
impostor,Testing__Digital_Persona__Fake__Woodglue__003_7_0.png__65f8a9b6__003_7_0.png,7.3686962458
impostor,Testing__Digital_Persona__Fake__Woodglue__003_7_4.png__c9aa0879__003_7_4.png,0.0
impostor,Testing__Digital_Persona__Fake__Woodglue__003_7_9.png__03f440c7__003_7_9.png,1.7716594972
impostor,Testing__Digital_Persona__Fake__Woodglue__003_8_0.png__71b31797__003_8_0.png,11.8253910811
impostor,Testing__Digital_Persona__Fake__Woodglue__003_8_4.png__ff712c14__003_8_4.png,2.846929412
impostor,Testing__Digital_Persona__Fake__Woodglue__003_8_9.png__b95cbc74__003_8_9.png,5.8701425311
impostor,Testing__Digital_Persona__Fake__Woodglue__003_9_0.png__06cbf4c3__003_9_0.png,0.0
impostor,Testing__Digital_Persona__Fake__Woodglue__003_9_4.png__65cad1f3__003_9_4.png,1.1017345843
impostor,Testing__Digital_Persona__Fake__Woodglue__003_9_9.png__ea3a091b__003_9_9.png,3.7667970029
impostor,Testing__Digital_Persona__Fake__Woodglue__008_0_0.png__b461ec48__008_0_0.png,55.4851254031
impostor,Testing__Digital_Persona__Fake__Woodglue__008_0_4.png__8e3b2a2f__008_0_4.png,37.4925531826
impostor,Testing__Digital_Persona__Fake__Woodglue__008_0_9.png__7a03627c__008_0_9.png,7.7511805099
impostor,Testing__Digital_Persona__Fake__Woodglue__008_1_0.png__49c663be__008_1_0.png,1.4357838713
impostor,Testing__Digital_Persona__Fake__Woodglue__008_1_4.png__619c8104__008_1_4.png,8.44445393
impostor,Testing__Digital_Persona__Fake__Woodglue__008_1_9.png__4a2cbb17__008_1_9.png,2.5744578404
impostor,Testing__Digital_Persona__Fake__Woodglue__008_2_0.png__7c0ab6ce__008_2_0.png,3.3053398077
impostor,Testing__Digital_Persona__Fake__Woodglue__008_2_4.png__eb926e65__008_2_4.png,2.6208831949
impostor,Testing__Digital_Persona__Fake__Woodglue__008_2_9.png__e9bb962d__008_2_9.png,2.5399132766
impostor,Testing__Digital_Persona__Fake__Woodglue__008_3_0.png__66e29d7c__008_3_0.png,1.9489438446
impostor,Testing__Digital_Persona__Fake__Woodglue__008_3_4.png__5915ad5a__008_3_4.png,0.0
impostor,Testing__Digital_Persona__Fake__Woodglue__008_3_9.png__dc91f66e__008_3_9.png,0.8380832256
impostor,Testing__Digital_Persona__Fake__Woodglue__008_4_0.png__bc5f0fcf__008_4_0.png,6.5645834193
impostor,Testing__Digital_Persona__Fake__Woodglue__008_4_4.png__4e36b0d5__008_4_4.png,2.8219094093
impostor,Testing__Digital_Persona__Fake__Woodglue__008_4_9.png__217e410c__008_4_9.png,1.735837047
impostor,Testing__Digital_Persona__Fake__Woodglue__008_5_0.png__ccb9407d__008_5_0.png,129.8535748565
impostor,Testing__Digital_Persona__Fake__Woodglue__008_5_4.png__a4f3958b__008_5_4.png,35.4800259879
impostor,Testing__Digital_Persona__Fake__Woodglue__008_5_9.png__cc6a3fdc__008_5_9.png,97.9968504938
impostor,Testing__Digital_Persona__Fake__Woodglue__008_6_0.png__d9c1dc6b__008_6_0.png,13.3477276175
impostor,Testing__Digital_Persona__Fake__Woodglue__008_6_4.png__cf073ed8__008_6_4.png,1.1569324702
impostor,Testing__Digital_Persona__Fake__Woodglue__008_6_9.png__05bae950__008_6_9.png,0.1354402261
impostor,Testing__Digital_Persona__Fake__Woodglue__008_7_0.png__cdf2ae96__008_7_0.png,17.4513536419
impostor,Testing__Digital_Persona__Fake__Woodglue__008_7_4.png__9e6f066b__008_7_4.png,9.26501195
impostor,Testing__Digital_Persona__Fake__Woodglue__008_7_9.png__70c14665__008_7_9.png,13.675702298
impostor,Testing__Digital_Persona__Fake__Woodglue__008_8_0.png__d7007251__008_8_0.png,1.8311847817
impostor,Testing__Digital_Persona__Fake__Woodglue__008_8_4.png__6049dde1__008_8_4.png,2.5819694894
impostor,Testing__Digital_Persona__Fake__Woodglue__008_8_9.png__7c3f90ad__008_8_9.png,2.3029647846
impostor,Testing__Digital_Persona__Fake__Woodglue__008_9_0.png__d38cf25a__008_9_0.png,2.6211063993
impostor,Testing__Digital_Persona__Fake__Woodglue__008_9_4.png__33ad1390__008_9_4.png,3.156975018
impostor,Testing__Digital_Persona__Fake__Woodglue__008_9_9.png__f49235a3__008_9_9.png,4.2090039202
impostor,Testing__Digital_Persona__Fake__Woodglue__010_0_0.png__9a2228f5__010_0_0.png,39.4425222234
impostor,Testing__Digital_Persona__Fake__Woodglue__010_0_4.png__eaa8b3ac__010_0_4.png,103.0732043807
impostor,Testing__Digital_Persona__Fake__Woodglue__010_0_9.png__36d8814d__010_0_9.png,77.8337292093
impostor,Testing__Digital_Persona__Fake__Woodglue__010_1_0.png__2ec0d7e1__010_1_0.png,22.4072045701
impostor,Testing__Digital_Persona__Fake__Woodglue__010_1_4.png__5ba9cf65__010_1_4.png,42.2855595902
impostor,Testing__Digital_Persona__Fake__Woodglue__010_1_9.png__38e7b4b4__010_1_9.png,46.6147101904
impostor,Testing__Digital_Persona__Fake__Woodglue__010_2_0.png__ec7229df__010_2_0.png,41.470380072
impostor,Testing__Digital_Persona__Fake__Woodglue__010_2_4.png__8b7e29bd__010_2_4.png,40.1855689153
impostor,Testing__Digital_Persona__Fake__Woodglue__010_2_9.png__dc9b6446__010_2_9.png,2.8841301131
impostor,Testing__Digital_Persona__Fake__Woodglue__010_3_0.png__c84217e9__010_3_0.png,51.7420535272
impostor,Testing__Digital_Persona__Fake__Woodglue__010_3_4.png__b7a14823__010_3_4.png,46.403091299
impostor,Testing__Digital_Persona__Fake__Woodglue__010_3_9.png__54d10ca3__010_3_9.png,7.6050339494
impostor,Testing__Digital_Persona__Fake__Woodglue__010_4_0.png__6211f7ea__010_4_0.png,0.8866578483
impostor,Testing__Digital_Persona__Fake__Woodglue__010_4_4.png__208a9e5f__010_4_4.png,8.3803000363
impostor,Testing__Digital_Persona__Fake__Woodglue__010_4_9.png__1f036a34__010_4_9.png,0.6015673054
impostor,Testing__Digital_Persona__Fake__Woodglue__010_5_0.png__ccf01c1a__010_5_0.png,30.3033290542
impostor,Testing__Digital_Persona__Fake__Woodglue__010_5_4.png__c0a08b01__010_5_4.png,44.8376750841
impostor,Testing__Digital_Persona__Fake__Woodglue__010_5_9.png__86f96bcc__010_5_9.png,15.2143666359
impostor,Testing__Digital_Persona__Fake__Woodglue__010_6_0.png__786ac36a__010_6_0.png,48.5281740418
impostor,Testing__Digital_Persona__Fake__Woodglue__010_6_4.png__3788dc41__010_6_4.png,33.2540179902
impostor,Testing__Digital_Persona__Fake__Woodglue__010_6_9.png__46ed9b04__010_6_9.png,18.6174063411
impostor,Testing__Digital_Persona__Fake__Woodglue__010_7_0.png__5f487696__010_7_0.png,37.7197319366
impostor,Testing__Digital_Persona__Fake__Woodglue__010_7_4.png__95b0abdd__010_7_4.png,61.7821875098
impostor,Testing__Digital_Persona__Fake__Woodglue__010_7_9.png__2567ce12__010_7_9.png,36.7845378946
impostor,Testing__Digital_Persona__Fake__Woodglue__010_8_0.png__c5d9cdc1__010_8_0.png,1.276222247
impostor,Testing__Digital_Persona__Fake__Woodglue__010_8_4.png__75348a42__010_8_4.png,5.1654597037
impostor,Testing__Digital_Persona__Fake__Woodglue__010_8_9.png__373752b3__010_8_9.png,1.8619888859
impostor,Testing__Digital_Persona__Fake__Woodglue__010_9_0.png__e8fdae00__010_9_0.png,5.9496714413
impostor,Testing__Digital_Persona__Fake__Woodglue__010_9_4.png__42463345__010_9_4.png,1.7125798836
impostor,Testing__Digital_Persona__Fake__Woodglue__010_9_9.png__18c4eba7__010_9_9.png,2.3195565279
impostor,Testing__Digital_Persona__Fake__Woodglue__012_0_0.png__30af639c__012_0_0.png,16.5408812373
impostor,Testing__Digital_Persona__Fake__Woodglue__012_0_4.png__a7f9cd5e__012_0_4.png,45.1852786841
impostor,Testing__Digital_Persona__Fake__Woodglue__012_0_9.png__0855bee5__012_0_9.png,24.5561651099
impostor,Testing__Digital_Persona__Fake__Woodglue__012_1_0.png__da59e803__012_1_0.png,1.3990595385
impostor,Testing__Digital_Persona__Fake__Woodglue__012_1_4.png__6ec89f06__012_1_4.png,14.8567487873
impostor,Testing__Digital_Persona__Fake__Woodglue__012_1_9.png__fbdee722__012_1_9.png,20.1212783913
impostor,Testing__Digital_Persona__Fake__Woodglue__012_2_0.png__7d5146b3__012_2_0.png,10.0818331153
impostor,Testing__Digital_Persona__Fake__Woodglue__012_2_4.png__fc0dc91f__012_2_4.png,35.8982723665
impostor,Testing__Digital_Persona__Fake__Woodglue__012_2_9.png__b21f7a0f__012_2_9.png,65.5322962314
impostor,Testing__Digital_Persona__Fake__Woodglue__012_3_0.png__e3eed4d0__012_3_0.png,51.5541459805
impostor,Testing__Digital_Persona__Fake__Woodglue__012_3_4.png__3057cad7__012_3_4.png,51.2891572878
impostor,Testing__Digital_Persona__Fake__Woodglue__012_3_9.png__270a5e56__012_3_9.png,41.5428271403
impostor,Testing__Digital_Persona__Fake__Woodglue__012_4_0.png__cbb92605__012_4_0.png,52.3911471231
impostor,Testing__Digital_Persona__Fake__Woodglue__012_4_4.png__df907a46__012_4_4.png,39.9184896315
impostor,Testing__Digital_Persona__Fake__Woodglue__012_4_9.png__8f30a009__012_4_9.png,34.7177803276
impostor,Testing__Digital_Persona__Fake__Woodglue__012_5_0.png__bb92c97f__012_5_0.png,53.8385999567
impostor,Testing__Digital_Persona__Fake__Woodglue__012_5_4.png__d323af2d__012_5_4.png,99.7978207554
impostor,Testing__Digital_Persona__Fake__Woodglue__012_5_9.png__eb4ca6d2__012_5_9.png,90.3247633868
impostor,Testing__Digital_Persona__Fake__Woodglue__012_6_0.png__cf18ea82__012_6_0.png,35.363750865
impostor,Testing__Digital_Persona__Fake__Woodglue__012_6_4.png__02bc8b62__012_6_4.png,69.2739416396
impostor,Testing__Digital_Persona__Fake__Woodglue__012_6_9.png__b5af1dc5__012_6_9.png,32.353140253
impostor,Testing__Digital_Persona__Fake__Woodglue__012_7_0.png__83f7e411__012_7_0.png,88.9161397298
impostor,Testing__Digital_Persona__Fake__Woodglue__012_7_4.png__402d7250__012_7_4.png,99.5307962569
impostor,Testing__Digital_Persona__Fake__Woodglue__012_7_9.png__cf5e16ef__012_7_9.png,66.1899906426
impostor,Testing__Digital_Persona__Fake__Woodglue__012_8_0.png__12785e2c__012_8_0.png,5.9060630715
impostor,Testing__Digital_Persona__Fake__Woodglue__012_8_4.png__11ba6df3__012_8_4.png,49.7674265754
impostor,Testing__Digital_Persona__Fake__Woodglue__012_8_9.png__8187d819__012_8_9.png,46.4606874725
impostor,Testing__Digital_Persona__Fake__Woodglue__012_9_0.png__0bd9ea46__012_9_0.png,6.4022522538
impostor,Testing__Digital_Persona__Fake__Woodglue__012_9_4.png__91cf0651__012_9_4.png,53.7580731393
impostor,Testing__Digital_Persona__Fake__Woodglue__012_9_9.png__bb17d005__012_9_9.png,28.524545283
impostor,Testing__Digital_Persona__Fake__Woodglue__014_0_0.png__4431d281__014_0_0.png,191.9594135492
impostor,Testing__Digital_Persona__Fake__Woodglue__014_0_4.png__18d3b4e9__014_0_4.png,150.2323593575
impostor,Testing__Digital_Persona__Fake__Woodglue__014_0_9.png__8145e892__014_0_9.png,101.2406409162
impostor,Testing__Digital_Persona__Fake__Woodglue__014_1_0.png__ec83687a__014_1_0.png,17.0514877235
impostor,Testing__Digital_Persona__Fake__Woodglue__014_1_4.png__7c3c5a4e__014_1_4.png,52.4924602686
impostor,Testing__Digital_Persona__Fake__Woodglue__014_1_9.png__3dfb749a__014_1_9.png,40.1295884478
impostor,Testing__Digital_Persona__Fake__Woodglue__014_2_0.png__9ed91093__014_2_0.png,8.9147228585
impostor,Testing__Digital_Persona__Fake__Woodglue__014_2_4.png__70dd5ace__014_2_4.png,41.5849624353
impostor,Testing__Digital_Persona__Fake__Woodglue__014_2_9.png__c78d0fc8__014_2_9.png,12.4034607042
impostor,Testing__Digital_Persona__Fake__Woodglue__014_3_0.png__03317e26__014_3_0.png,16.9814524391
impostor,Testing__Digital_Persona__Fake__Woodglue__014_3_4.png__26f444f9__014_3_4.png,6.0568425739
impostor,Testing__Digital_Persona__Fake__Woodglue__014_3_9.png__55d86001__014_3_9.png,4.7378027636
impostor,Testing__Digital_Persona__Fake__Woodglue__014_4_0.png__78e10dee__014_4_0.png,31.7772824987
impostor,Testing__Digital_Persona__Fake__Woodglue__014_4_4.png__6db52a73__014_4_4.png,18.8342897557
impostor,Testing__Digital_Persona__Fake__Woodglue__014_4_9.png__6e4122e4__014_4_9.png,29.3705720234
impostor,Testing__Digital_Persona__Fake__Woodglue__014_5_0.png__4000b755__014_5_0.png,84.46556523
impostor,Testing__Digital_Persona__Fake__Woodglue__014_5_4.png__1e638030__014_5_4.png,71.4594514985
impostor,Testing__Digital_Persona__Fake__Woodglue__014_5_9.png__d927d5d7__014_5_9.png,49.6679355311
impostor,Testing__Digital_Persona__Fake__Woodglue__014_6_0.png__b46953fd__014_6_0.png,30.5665048497
impostor,Testing__Digital_Persona__Fake__Woodglue__014_6_4.png__646de629__014_6_4.png,18.6401802937
impostor,Testing__Digital_Persona__Fake__Woodglue__014_6_9.png__063f9491__014_6_9.png,30.9456772575
impostor,Testing__Digital_Persona__Fake__Woodglue__014_7_0.png__b4d375fc__014_7_0.png,2.7137840311
impostor,Testing__Digital_Persona__Fake__Woodglue__014_7_4.png__0dcec14b__014_7_4.png,6.8188197321
impostor,Testing__Digital_Persona__Fake__Woodglue__014_7_9.png__87c04617__014_7_9.png,1.3010387951
impostor,Testing__Digital_Persona__Fake__Woodglue__014_8_0.png__30d53e2a__014_8_0.png,12.3792917686
impostor,Testing__Digital_Persona__Fake__Woodglue__014_8_4.png__be6a6240__014_8_4.png,8.6770004373
impostor,Testing__Digital_Persona__Fake__Woodglue__014_8_9.png__8b44f9e5__014_8_9.png,3.1182116046
impostor,Testing__Digital_Persona__Fake__Woodglue__014_9_0.png__6c756265__014_9_0.png,21.8868661242
impostor,Testing__Digital_Persona__Fake__Woodglue__014_9_4.png__05668d58__014_9_4.png,48.4181778984
impostor,Testing__Digital_Persona__Fake__Woodglue__014_9_9.png__39123849__014_9_9.png,55.2631048552
impostor,Testing__Digital_Persona__Fake__Woodglue__019_0_0.png__8f087823__019_0_0.png,73.8138628214
impostor,Testing__Digital_Persona__Fake__Woodglue__019_0_4.png__6d7e4a0c__019_0_4.png,61.0463188763
impostor,Testing__Digital_Persona__Fake__Woodglue__019_0_9.png__056e30fe__019_0_9.png,69.6289602053
impostor,Testing__Digital_Persona__Fake__Woodglue__019_1_0.png__3a7b5070__019_1_0.png,121.9644098607
impostor,Testing__Digital_Persona__Fake__Woodglue__019_1_4.png__32d1728d__019_1_4.png,107.4298489268
impostor,Testing__Digital_Persona__Fake__Woodglue__019_1_9.png__0a6c023d__019_1_9.png,111.1499924187
impostor,Testing__Digital_Persona__Fake__Woodglue__019_2_0.png__0deb5d14__019_2_0.png,52.7688605388
impostor,Testing__Digital_Persona__Fake__Woodglue__019_2_4.png__68b076f0__019_2_4.png,99.8916552323
impostor,Testing__Digital_Persona__Fake__Woodglue__019_2_9.png__f27b9a6f__019_2_9.png,80.9317546235
impostor,Testing__Digital_Persona__Fake__Woodglue__019_3_0.png__d029ac27__019_3_0.png,49.2181720321
impostor,Testing__Digital_Persona__Fake__Woodglue__019_3_4.png__75880c11__019_3_4.png,27.8299345585
impostor,Testing__Digital_Persona__Fake__Woodglue__019_3_9.png__6e2961c0__019_3_9.png,28.627762184
impostor,Testing__Digital_Persona__Fake__Woodglue__019_4_0.png__48d289d7__019_4_0.png,4.9959032987
impostor,Testing__Digital_Persona__Fake__Woodglue__019_4_4.png__1e265f9f__019_4_4.png,3.7373618697
impostor,Testing__Digital_Persona__Fake__Woodglue__019_4_9.png__414be72e__019_4_9.png,17.3076003903
impostor,Testing__Digital_Persona__Fake__Woodglue__019_5_0.png__009521a4__019_5_0.png,52.0755005768
impostor,Testing__Digital_Persona__Fake__Woodglue__019_5_4.png__1f8c9bb5__019_5_4.png,84.4985667294
impostor,Testing__Digital_Persona__Fake__Woodglue__019_5_9.png__ae8e80ff__019_5_9.png,66.5857889789
impostor,Testing__Digital_Persona__Fake__Woodglue__019_6_0.png__619e8dda__019_6_0.png,71.2716286174
impostor,Testing__Digital_Persona__Fake__Woodglue__019_6_4.png__7ec73710__019_6_4.png,69.7859096957
impostor,Testing__Digital_Persona__Fake__Woodglue__019_6_9.png__c891ded2__019_6_9.png,48.7217806346
impostor,Testing__Digital_Persona__Fake__Woodglue__019_7_0.png__5c0f8b90__019_7_0.png,15.6488219099
impostor,Testing__Digital_Persona__Fake__Woodglue__019_7_4.png__1effbc2f__019_7_4.png,17.176283173
impostor,Testing__Digital_Persona__Fake__Woodglue__019_7_9.png__bf8348c1__019_7_9.png,8.0898160647
impostor,Testing__Digital_Persona__Fake__Woodglue__019_8_0.png__fba7cd72__019_8_0.png,1.1720123333
impostor,Testing__Digital_Persona__Fake__Woodglue__019_8_4.png__6bac9ef0__019_8_4.png,2.7856834116
impostor,Testing__Digital_Persona__Fake__Woodglue__019_8_9.png__a6a16827__019_8_9.png,2.828207572
impostor,Testing__Digital_Persona__Fake__Woodglue__019_9_0.png__448156c0__019_9_0.png,2.2872768221
impostor,Testing__Digital_Persona__Fake__Woodglue__019_9_4.png__a68f6ad3__019_9_4.png,9.7702854606
impostor,Testing__Digital_Persona__Fake__Woodglue__019_9_9.png__7538acab__019_9_9.png,9.8599553758
impostor,Training__Digital_Persona__Fake__Ecoflex__002_0_0.png__2d979675__002_0_0.png,74.987223483
impostor,Training__Digital_Persona__Fake__Ecoflex__002_0_4.png__405ec614__002_0_4.png,84.8501859121
impostor,Training__Digital_Persona__Fake__Ecoflex__002_0_5.png__6b67c762__002_0_5.png,92.3070624932
impostor,Training__Digital_Persona__Fake__Ecoflex__002_0_9.png__561ddedf__002_0_9.png,82.0305246779
impostor,Training__Digital_Persona__Fake__Ecoflex__002_1_0.png__d96a8b2e__002_1_0.png,78.7297228592
impostor,Training__Digital_Persona__Fake__Ecoflex__002_1_4.png__dd277c03__002_1_4.png,22.1257806977
impostor,Training__Digital_Persona__Fake__Ecoflex__002_1_5.png__217b67f9__002_1_5.png,58.7646669131
impostor,Training__Digital_Persona__Fake__Ecoflex__002_1_9.png__7d6a4cb0__002_1_9.png,59.9127107477
impostor,Training__Digital_Persona__Fake__Ecoflex__002_2_0.png__c45d9142__002_2_0.png,75.4535867239
impostor,Training__Digital_Persona__Fake__Ecoflex__002_2_4.png__fa11899d__002_2_4.png,103.8717645999
impostor,Training__Digital_Persona__Fake__Ecoflex__002_2_5.png__306ad3c6__002_2_5.png,77.721418486
impostor,Training__Digital_Persona__Fake__Ecoflex__002_2_9.png__3ff12625__002_2_9.png,105.3460904891
impostor,Training__Digital_Persona__Fake__Ecoflex__002_3_0.png__9cbf4fd2__002_3_0.png,41.1243108885
impostor,Training__Digital_Persona__Fake__Ecoflex__002_3_4.png__be155075__002_3_4.png,43.0628326324
impostor,Training__Digital_Persona__Fake__Ecoflex__002_3_5.png__df2be99d__002_3_5.png,19.044789633
impostor,Training__Digital_Persona__Fake__Ecoflex__002_3_9.png__2b103867__002_3_9.png,14.7262430125
impostor,Training__Digital_Persona__Fake__Ecoflex__002_4_0.png__40e2e11c__002_4_0.png,54.4197349138
impostor,Training__Digital_Persona__Fake__Ecoflex__002_4_4.png__12a51274__002_4_4.png,57.3966032866
impostor,Training__Digital_Persona__Fake__Ecoflex__002_4_5.png__0cdbaaf6__002_4_5.png,56.7482688469
impostor,Training__Digital_Persona__Fake__Ecoflex__002_4_9.png__ce4192a9__002_4_9.png,39.2270039024
impostor,Training__Digital_Persona__Fake__Ecoflex__002_5_0.png__845703c4__002_5_0.png,37.3530682879
impostor,Training__Digital_Persona__Fake__Ecoflex__002_5_4.png__9f4c9c8c__002_5_4.png,61.4572210112
impostor,Training__Digital_Persona__Fake__Ecoflex__002_5_5.png__fff15ad7__002_5_5.png,81.9435855204
impostor,Training__Digital_Persona__Fake__Ecoflex__002_5_9.png__2bdd4a33__002_5_9.png,82.9445855092
impostor,Training__Digital_Persona__Fake__Ecoflex__002_6_0.png__3f7cfc54__002_6_0.png,91.1342197067
impostor,Training__Digital_Persona__Fake__Ecoflex__002_6_4.png__9a6745ab__002_6_4.png,44.5590727133
impostor,Training__Digital_Persona__Fake__Ecoflex__002_6_5.png__65cf5ec4__002_6_5.png,87.0759400909
impostor,Training__Digital_Persona__Fake__Ecoflex__002_6_9.png__9e85681f__002_6_9.png,86.9240480081
impostor,Training__Digital_Persona__Fake__Ecoflex__002_7_0.png__16fd6176__002_7_0.png,60.892513712
impostor,Training__Digital_Persona__Fake__Ecoflex__002_7_4.png__758d123a__002_7_4.png,90.6002356772
impostor,Training__Digital_Persona__Fake__Ecoflex__002_7_5.png__7d7351a4__002_7_5.png,90.3144836112
impostor,Training__Digital_Persona__Fake__Ecoflex__002_7_9.png__fc01f202__002_7_9.png,70.0413396506
impostor,Training__Digital_Persona__Fake__Ecoflex__002_8_0.png__121d712a__002_8_0.png,73.8076153077
impostor,Training__Digital_Persona__Fake__Ecoflex__002_8_4.png__ee232194__002_8_4.png,71.1007148708
impostor,Training__Digital_Persona__Fake__Ecoflex__002_8_5.png__b8262c5e__002_8_5.png,120.1566623799
impostor,Training__Digital_Persona__Fake__Ecoflex__002_8_9.png__440fe8e9__002_8_9.png,68.3522087558
impostor,Training__Digital_Persona__Fake__Ecoflex__002_9_0.png__22337a1e__002_9_0.png,52.6447819362
impostor,Training__Digital_Persona__Fake__Ecoflex__002_9_4.png__5e25d70f__002_9_4.png,90.0882837113
impostor,Training__Digital_Persona__Fake__Ecoflex__002_9_5.png__0dcbd749__002_9_5.png,77.1838586223
impostor,Training__Digital_Persona__Fake__Ecoflex__002_9_9.png__7158fc47__002_9_9.png,89.730814952
impostor,Training__Digital_Persona__Fake__Ecoflex__003_0_0.png__e531665f__003_0_0.png,15.1958107473
impostor,Training__Digital_Persona__Fake__Ecoflex__003_0_4.png__6ac06f4a__003_0_4.png,3.4867247354
impostor,Training__Digital_Persona__Fake__Ecoflex__003_0_9.png__3ae63108__003_0_9.png,22.2666940644
impostor,Training__Digital_Persona__Fake__Ecoflex__003_1_0.png__c7bedf5a__003_1_0.png,2.328925011
impostor,Training__Digital_Persona__Fake__Ecoflex__003_1_4.png__747257bd__003_1_4.png,1.9064086437
impostor,Training__Digital_Persona__Fake__Ecoflex__003_1_9.png__5e940de0__003_1_9.png,3.5474287717
impostor,Training__Digital_Persona__Fake__Ecoflex__003_2_0.png__55d2e948__003_2_0.png,6.7999422552
impostor,Training__Digital_Persona__Fake__Ecoflex__003_2_4.png__fd726acb__003_2_4.png,2.4287533237
impostor,Training__Digital_Persona__Fake__Ecoflex__003_2_9.png__f29c60f6__003_2_9.png,0.7844902045
impostor,Training__Digital_Persona__Fake__Ecoflex__003_3_0.png__d0179b64__003_3_0.png,13.4237051989
impostor,Training__Digital_Persona__Fake__Ecoflex__003_3_4.png__41210e1a__003_3_4.png,5.8047649
impostor,Training__Digital_Persona__Fake__Ecoflex__003_3_9.png__6fb545ac__003_3_9.png,6.3736013925
impostor,Training__Digital_Persona__Fake__Ecoflex__003_4_0.png__a0236b8b__003_4_0.png,7.8263248597
impostor,Training__Digital_Persona__Fake__Ecoflex__003_4_4.png__37b7dce6__003_4_4.png,24.6549942352
impostor,Training__Digital_Persona__Fake__Ecoflex__003_4_9.png__7859df5f__003_4_9.png,12.1591036859
impostor,Training__Digital_Persona__Fake__Ecoflex__003_5_0.png__51c7d675__003_5_0.png,27.8522611997
impostor,Training__Digital_Persona__Fake__Ecoflex__003_5_4.png__b7e027b7__003_5_4.png,52.4179917319
impostor,Training__Digital_Persona__Fake__Ecoflex__003_5_9.png__fe79ceb6__003_5_9.png,14.2433907374
impostor,Training__Digital_Persona__Fake__Ecoflex__003_6_0.png__a94c083d__003_6_0.png,35.6519746012
impostor,Training__Digital_Persona__Fake__Ecoflex__003_6_4.png__837e5917__003_6_4.png,14.0308183693
impostor,Training__Digital_Persona__Fake__Ecoflex__003_6_9.png__76822795__003_6_9.png,36.1823982275
impostor,Training__Digital_Persona__Fake__Ecoflex__003_7_0.png__a88c7b25__003_7_0.png,16.2832353445
impostor,Training__Digital_Persona__Fake__Ecoflex__003_7_4.png__ce2e1d96__003_7_4.png,1.9749011632
impostor,Training__Digital_Persona__Fake__Ecoflex__003_7_9.png__3ea29da6__003_7_9.png,15.1912814244
impostor,Training__Digital_Persona__Fake__Ecoflex__003_8_0.png__1f13dd79__003_8_0.png,8.8374448414
impostor,Training__Digital_Persona__Fake__Ecoflex__003_8_4.png__c43fcce0__003_8_4.png,14.0934225709
impostor,Training__Digital_Persona__Fake__Ecoflex__003_8_9.png__f9921ee7__003_8_9.png,22.4918279084
impostor,Training__Digital_Persona__Fake__Ecoflex__003_9_0.png__a670fe00__003_9_0.png,1.8824693055
impostor,Training__Digital_Persona__Fake__Ecoflex__003_9_4.png__6d46a61f__003_9_4.png,2.2682327953
impostor,Training__Digital_Persona__Fake__Ecoflex__003_9_9.png__7d2aca65__003_9_9.png,1.945714403
impostor,Training__Digital_Persona__Fake__Ecoflex__008_0_0.png__c6283a8c__008_0_0.png,5.8365744463
impostor,Training__Digital_Persona__Fake__Ecoflex__008_0_4.png__5cb3699b__008_0_4.png,23.5318825981
impostor,Training__Digital_Persona__Fake__Ecoflex__008_0_9.png__2c6d028e__008_0_9.png,5.4395653321
impostor,Training__Digital_Persona__Fake__Ecoflex__008_1_0.png__8fac95a9__008_1_0.png,18.7917021821
impostor,Training__Digital_Persona__Fake__Ecoflex__008_1_4.png__b4e160df__008_1_4.png,29.6205759648
impostor,Training__Digital_Persona__Fake__Ecoflex__008_1_9.png__52076c51__008_1_9.png,38.1181607609
impostor,Training__Digital_Persona__Fake__Ecoflex__008_2_0.png__6f8af57b__008_2_0.png,28.5897075069
impostor,Training__Digital_Persona__Fake__Ecoflex__008_2_4.png__d5a077a7__008_2_4.png,2.9512650245
impostor,Training__Digital_Persona__Fake__Ecoflex__008_2_9.png__eb141c50__008_2_9.png,13.5623908505
impostor,Training__Digital_Persona__Fake__Ecoflex__008_3_0.png__ff271d19__008_3_0.png,0.384256585
impostor,Training__Digital_Persona__Fake__Ecoflex__008_3_4.png__df40ac0d__008_3_4.png,10.609678185
impostor,Training__Digital_Persona__Fake__Ecoflex__008_3_9.png__4a391603__008_3_9.png,0.0
impostor,Training__Digital_Persona__Fake__Ecoflex__008_4_0.png__6c5802e0__008_4_0.png,5.8703940407
impostor,Training__Digital_Persona__Fake__Ecoflex__008_4_4.png__e03fa33a__008_4_4.png,5.4143871636
impostor,Training__Digital_Persona__Fake__Ecoflex__008_4_9.png__99d6bb56__008_4_9.png,12.6367134069
impostor,Training__Digital_Persona__Fake__Ecoflex__008_5_0.png__34ba2204__008_5_0.png,32.3066616433
impostor,Training__Digital_Persona__Fake__Ecoflex__008_5_4.png__6db547f5__008_5_4.png,54.6727208595
impostor,Training__Digital_Persona__Fake__Ecoflex__008_5_9.png__eb20c784__008_5_9.png,38.7448376337
impostor,Training__Digital_Persona__Fake__Ecoflex__008_6_0.png__7e5355dc__008_6_0.png,9.5088193809
impostor,Training__Digital_Persona__Fake__Ecoflex__008_6_4.png__bde68fc0__008_6_4.png,26.5162676572
impostor,Training__Digital_Persona__Fake__Ecoflex__008_6_9.png__b04a6209__008_6_9.png,1.7478716537
impostor,Training__Digital_Persona__Fake__Ecoflex__008_7_0.png__56223378__008_7_0.png,2.3165812998
impostor,Training__Digital_Persona__Fake__Ecoflex__008_7_4.png__55f4b246__008_7_4.png,1.2863092733
impostor,Training__Digital_Persona__Fake__Ecoflex__008_7_9.png__fb0deac2__008_7_9.png,1.1018625118
impostor,Training__Digital_Persona__Fake__Ecoflex__008_8_0.png__0a7962af__008_8_0.png,12.9181753784
impostor,Training__Digital_Persona__Fake__Ecoflex__008_8_4.png__9af02afe__008_8_4.png,2.6634712537
impostor,Training__Digital_Persona__Fake__Ecoflex__008_8_9.png__5360e244__008_8_9.png,2.2931733185
impostor,Training__Digital_Persona__Fake__Ecoflex__008_9_0.png__51147e39__008_9_0.png,0.6508603133
impostor,Training__Digital_Persona__Fake__Ecoflex__008_9_4.png__8b09f8e9__008_9_4.png,4.51185746
impostor,Training__Digital_Persona__Fake__Ecoflex__008_9_9.png__8c9e7c3a__008_9_9.png,2.9795111257
impostor,Training__Digital_Persona__Fake__Ecoflex__010_0_0.png__753ff5e6__010_0_0.png,89.6274380079
impostor,Training__Digital_Persona__Fake__Ecoflex__010_0_4.png__617a426a__010_0_4.png,83.6775203912
impostor,Training__Digital_Persona__Fake__Ecoflex__010_0_9.png__bf1054b6__010_0_9.png,42.6808741924
impostor,Training__Digital_Persona__Fake__Ecoflex__010_1_0.png__13eb4ab4__010_1_0.png,50.6151587839
impostor,Training__Digital_Persona__Fake__Ecoflex__010_1_4.png__94214342__010_1_4.png,38.6494366203
impostor,Training__Digital_Persona__Fake__Ecoflex__010_1_9.png__b93212a0__010_1_9.png,42.3004223708
impostor,Training__Digital_Persona__Fake__Ecoflex__010_2_0.png__9595f444__010_2_0.png,29.0009454634
impostor,Training__Digital_Persona__Fake__Ecoflex__010_2_4.png__48f87978__010_2_4.png,10.2269470637
impostor,Training__Digital_Persona__Fake__Ecoflex__010_2_9.png__7c9760e4__010_2_9.png,8.0057603534
impostor,Training__Digital_Persona__Fake__Ecoflex__010_3_0.png__6fcc3eaa__010_3_0.png,9.9104880949
impostor,Training__Digital_Persona__Fake__Ecoflex__010_3_4.png__cf67d2b5__010_3_4.png,1.6196951195
impostor,Training__Digital_Persona__Fake__Ecoflex__010_3_9.png__33af4977__010_3_9.png,5.121114859
impostor,Training__Digital_Persona__Fake__Ecoflex__010_4_0.png__993d10ee__010_4_0.png,3.4078795351
impostor,Training__Digital_Persona__Fake__Ecoflex__010_4_4.png__baae92be__010_4_4.png,0.9513311556
impostor,Training__Digital_Persona__Fake__Ecoflex__010_4_9.png__a1af0bcd__010_4_9.png,4.9030327927
impostor,Training__Digital_Persona__Fake__Ecoflex__010_5_0.png__c4a4fb4e__010_5_0.png,14.6078527491
impostor,Training__Digital_Persona__Fake__Ecoflex__010_5_4.png__47f5bf88__010_5_4.png,18.5637011004
impostor,Training__Digital_Persona__Fake__Ecoflex__010_5_9.png__b2067da8__010_5_9.png,17.5338136304
impostor,Training__Digital_Persona__Fake__Ecoflex__010_6_0.png__bb759d9f__010_6_0.png,18.0372349175
impostor,Training__Digital_Persona__Fake__Ecoflex__010_6_4.png__f43f2d40__010_6_4.png,47.8996674365
impostor,Training__Digital_Persona__Fake__Ecoflex__010_6_9.png__a39001e1__010_6_9.png,37.6786852909
impostor,Training__Digital_Persona__Fake__Ecoflex__010_7_0.png__452829c3__010_7_0.png,3.8916687257
impostor,Training__Digital_Persona__Fake__Ecoflex__010_7_4.png__6ec2ea11__010_7_4.png,0.0772564143
impostor,Training__Digital_Persona__Fake__Ecoflex__010_7_9.png__b52b20e0__010_7_9.png,1.9498268233
impostor,Training__Digital_Persona__Fake__Ecoflex__010_8_0.png__85a17581__010_8_0.png,1.3336101967
impostor,Training__Digital_Persona__Fake__Ecoflex__010_8_4.png__ed704a07__010_8_4.png,0.3727552367
impostor,Training__Digital_Persona__Fake__Ecoflex__010_8_9.png__cda5458d__010_8_9.png,0.0
impostor,Training__Digital_Persona__Fake__Ecoflex__010_9_0.png__1d9a3cbd__010_9_0.png,1.6843525858
impostor,Training__Digital_Persona__Fake__Ecoflex__010_9_4.png__57901c52__010_9_4.png,0.2924489388
impostor,Training__Digital_Persona__Fake__Ecoflex__010_9_9.png__0c2e0f9e__010_9_9.png,5.3849626808
impostor,Training__Digital_Persona__Fake__Ecoflex__012_0_0.png__93925d2f__012_0_0.png,5.817313102
impostor,Training__Digital_Persona__Fake__Ecoflex__012_0_4.png__c35bf0ea__012_0_4.png,6.6408760496
impostor,Training__Digital_Persona__Fake__Ecoflex__012_0_9.png__8cfb6bfc__012_0_9.png,8.7968576149
impostor,Training__Digital_Persona__Fake__Ecoflex__012_1_0.png__350d56b3__012_1_0.png,24.4301298826
impostor,Training__Digital_Persona__Fake__Ecoflex__012_1_4.png__21a5d3e5__012_1_4.png,45.954869524
impostor,Training__Digital_Persona__Fake__Ecoflex__012_1_9.png__8bc6a18d__012_1_9.png,49.9833639593
impostor,Training__Digital_Persona__Fake__Ecoflex__012_2_0.png__548513f5__012_2_0.png,59.3847899305
impostor,Training__Digital_Persona__Fake__Ecoflex__012_2_4.png__0cbb3a7a__012_2_4.png,91.043261892
impostor,Training__Digital_Persona__Fake__Ecoflex__012_2_9.png__bd50a3e8__012_2_9.png,93.03350883
impostor,Training__Digital_Persona__Fake__Ecoflex__012_3_0.png__d1218884__012_3_0.png,69.2473286163
impostor,Training__Digital_Persona__Fake__Ecoflex__012_3_4.png__52e91632__012_3_4.png,54.0552473205
impostor,Training__Digital_Persona__Fake__Ecoflex__012_3_9.png__c2ea3a13__012_3_9.png,50.3529818023
impostor,Training__Digital_Persona__Fake__Ecoflex__012_4_0.png__22a066fd__012_4_0.png,51.4199858569
impostor,Training__Digital_Persona__Fake__Ecoflex__012_4_4.png__926e7783__012_4_4.png,46.5712600367
impostor,Training__Digital_Persona__Fake__Ecoflex__012_4_9.png__640b1cd6__012_4_9.png,62.4836025587
impostor,Training__Digital_Persona__Fake__Ecoflex__012_5_0.png__ac08f460__012_5_0.png,111.5580986122
impostor,Training__Digital_Persona__Fake__Ecoflex__012_5_4.png__b7456578__012_5_4.png,92.441404887
impostor,Training__Digital_Persona__Fake__Ecoflex__012_5_9.png__4c087d3b__012_5_9.png,70.0511303205
impostor,Training__Digital_Persona__Fake__Ecoflex__012_6_0.png__4c1aab2e__012_6_0.png,72.6411908854
impostor,Training__Digital_Persona__Fake__Ecoflex__012_6_4.png__650bb279__012_6_4.png,82.9002441116
impostor,Training__Digital_Persona__Fake__Ecoflex__012_6_9.png__251b0d33__012_6_9.png,97.4584824579
impostor,Training__Digital_Persona__Fake__Ecoflex__012_7_0.png__97d7ffa5__012_7_0.png,116.2089546631
impostor,Training__Digital_Persona__Fake__Ecoflex__012_7_4.png__a26fe0b1__012_7_4.png,105.8704197197
impostor,Training__Digital_Persona__Fake__Ecoflex__012_7_9.png__dafd460d__012_7_9.png,141.7390050875
impostor,Training__Digital_Persona__Fake__Ecoflex__012_8_0.png__3eb87f13__012_8_0.png,32.7739201989
impostor,Training__Digital_Persona__Fake__Ecoflex__012_8_4.png__83e14126__012_8_4.png,73.0401714688
impostor,Training__Digital_Persona__Fake__Ecoflex__012_8_9.png__2d75d047__012_8_9.png,35.0042728005
impostor,Training__Digital_Persona__Fake__Ecoflex__012_9_0.png__eafdf331__012_9_0.png,27.9978525621
impostor,Training__Digital_Persona__Fake__Ecoflex__012_9_4.png__a3255672__012_9_4.png,46.2717749514
impostor,Training__Digital_Persona__Fake__Ecoflex__012_9_9.png__872e23ee__012_9_9.png,31.1825513272
impostor,Training__Digital_Persona__Fake__Ecoflex__014_0_0.png__d6785752__014_0_0.png,116.061087931
impostor,Training__Digital_Persona__Fake__Ecoflex__014_0_4.png__32bf03a3__014_0_4.png,108.0814164163
impostor,Training__Digital_Persona__Fake__Ecoflex__014_0_9.png__9889bda3__014_0_9.png,119.1823238711
impostor,Training__Digital_Persona__Fake__Ecoflex__014_1_0.png__6406cc77__014_1_0.png,12.8913492568
impostor,Training__Digital_Persona__Fake__Ecoflex__014_1_4.png__86b10e9d__014_1_4.png,57.8394546676
impostor,Training__Digital_Persona__Fake__Ecoflex__014_1_9.png__594c1642__014_1_9.png,39.91883252
impostor,Training__Digital_Persona__Fake__Ecoflex__014_2_0.png__54b03934__014_2_0.png,3.0210027876
impostor,Training__Digital_Persona__Fake__Ecoflex__014_2_4.png__d71bbc67__014_2_4.png,42.9361746463
impostor,Training__Digital_Persona__Fake__Ecoflex__014_2_9.png__ba28a119__014_2_9.png,6.9741213905
impostor,Training__Digital_Persona__Fake__Ecoflex__014_3_0.png__91d73516__014_3_0.png,4.4404654363
impostor,Training__Digital_Persona__Fake__Ecoflex__014_3_4.png__c2c698ce__014_3_4.png,7.7912548966
impostor,Training__Digital_Persona__Fake__Ecoflex__014_3_9.png__8332b786__014_3_9.png,20.9714938857
impostor,Training__Digital_Persona__Fake__Ecoflex__014_4_0.png__216d21f2__014_4_0.png,40.5535044641
impostor,Training__Digital_Persona__Fake__Ecoflex__014_4_4.png__594419b1__014_4_4.png,31.9460493164
impostor,Training__Digital_Persona__Fake__Ecoflex__014_4_9.png__68283d4d__014_4_9.png,36.1113454011
impostor,Training__Digital_Persona__Fake__Ecoflex__014_5_0.png__2cce32bf__014_5_0.png,38.7038245567
impostor,Training__Digital_Persona__Fake__Ecoflex__014_5_4.png__32fac645__014_5_4.png,78.0392496816
impostor,Training__Digital_Persona__Fake__Ecoflex__014_5_9.png__96f97928__014_5_9.png,94.1891343665
impostor,Training__Digital_Persona__Fake__Ecoflex__014_6_0.png__f8f43a0f__014_6_0.png,7.2475753263
impostor,Training__Digital_Persona__Fake__Ecoflex__014_6_4.png__847e18db__014_6_4.png,28.4883809763
impostor,Training__Digital_Persona__Fake__Ecoflex__014_6_9.png__66a567aa__014_6_9.png,29.2056609493
impostor,Training__Digital_Persona__Fake__Ecoflex__014_7_0.png__c1d5460c__014_7_0.png,12.0239185953
impostor,Training__Digital_Persona__Fake__Ecoflex__014_7_4.png__fa6bee27__014_7_4.png,1.0777676894
impostor,Training__Digital_Persona__Fake__Ecoflex__014_7_9.png__fa0dda87__014_7_9.png,9.4689389316
impostor,Training__Digital_Persona__Fake__Ecoflex__014_8_0.png__036bc601__014_8_0.png,3.2536261193
impostor,Training__Digital_Persona__Fake__Ecoflex__014_8_4.png__8e95e6cc__014_8_4.png,5.8170150171
impostor,Training__Digital_Persona__Fake__Ecoflex__014_8_9.png__4fce8842__014_8_9.png,10.3417813601
impostor,Training__Digital_Persona__Fake__Ecoflex__014_9_0.png__0214e82a__014_9_0.png,5.3828742609
impostor,Training__Digital_Persona__Fake__Ecoflex__014_9_4.png__4e64c962__014_9_4.png,48.3337462351
impostor,Training__Digital_Persona__Fake__Ecoflex__014_9_9.png__3a08e4a9__014_9_9.png,33.0410819944
impostor,Training__Digital_Persona__Fake__Ecoflex__019_0_0.png__cd457482__019_0_0.png,58.4013584535
impostor,Training__Digital_Persona__Fake__Ecoflex__019_0_4.png__eccf02f7__019_0_4.png,7.2071671199
impostor,Training__Digital_Persona__Fake__Ecoflex__019_0_9.png__e52b960a__019_0_9.png,8.5957983854
impostor,Training__Digital_Persona__Fake__Ecoflex__019_1_0.png__d4e0e5a9__019_1_0.png,57.3691368342
impostor,Training__Digital_Persona__Fake__Ecoflex__019_1_4.png__ffdcbc0b__019_1_4.png,74.9175835891
impostor,Training__Digital_Persona__Fake__Ecoflex__019_1_9.png__3a05977f__019_1_9.png,83.054796784
impostor,Training__Digital_Persona__Fake__Ecoflex__019_2_0.png__734d58e4__019_2_0.png,22.3826693558
impostor,Training__Digital_Persona__Fake__Ecoflex__019_2_4.png__9c8a3989__019_2_4.png,32.9001802849
impostor,Training__Digital_Persona__Fake__Ecoflex__019_2_9.png__cd4a258d__019_2_9.png,35.7374107677
impostor,Training__Digital_Persona__Fake__Ecoflex__019_3_0.png__980b7fa4__019_3_0.png,15.1852442555
impostor,Training__Digital_Persona__Fake__Ecoflex__019_3_4.png__1266230c__019_3_4.png,4.3275261666
impostor,Training__Digital_Persona__Fake__Ecoflex__019_3_9.png__3928c4a4__019_3_9.png,5.9333164896
impostor,Training__Digital_Persona__Fake__Ecoflex__019_4_0.png__9dda40f4__019_4_0.png,3.2478042718
impostor,Training__Digital_Persona__Fake__Ecoflex__019_4_4.png__8844ff34__019_4_4.png,7.4766840868
impostor,Training__Digital_Persona__Fake__Ecoflex__019_4_9.png__7396eb85__019_4_9.png,7.8031556388
impostor,Training__Digital_Persona__Fake__Ecoflex__019_5_0.png__0762a037__019_5_0.png,12.2244862487
impostor,Training__Digital_Persona__Fake__Ecoflex__019_5_4.png__a98b3b9b__019_5_4.png,33.9515387173
impostor,Training__Digital_Persona__Fake__Ecoflex__019_5_9.png__63c1ea6c__019_5_9.png,30.8059137419
impostor,Training__Digital_Persona__Fake__Ecoflex__019_6_0.png__3c4398ea__019_6_0.png,14.7727885557
impostor,Training__Digital_Persona__Fake__Ecoflex__019_6_4.png__684e5ea0__019_6_4.png,49.8361774468
impostor,Training__Digital_Persona__Fake__Ecoflex__019_6_9.png__cf9b62fd__019_6_9.png,76.9386713337
impostor,Training__Digital_Persona__Fake__Ecoflex__019_7_0.png__be9a2439__019_7_0.png,6.0780430064
impostor,Training__Digital_Persona__Fake__Ecoflex__019_7_4.png__1ba520d5__019_7_4.png,20.6500194493
impostor,Training__Digital_Persona__Fake__Ecoflex__019_7_9.png__67b8c006__019_7_9.png,8.7028473463
impostor,Training__Digital_Persona__Fake__Ecoflex__019_8_0.png__7186e55b__019_8_0.png,0.6077663622
impostor,Training__Digital_Persona__Fake__Ecoflex__019_8_4.png__bd3cb10c__019_8_4.png,0.0338909901
impostor,Training__Digital_Persona__Fake__Ecoflex__019_8_9.png__c3920a52__019_8_9.png,2.2039572883
impostor,Training__Digital_Persona__Fake__Ecoflex__019_9_0.png__6a857289__019_9_0.png,2.9853385151
impostor,Training__Digital_Persona__Fake__Ecoflex__019_9_4.png__90ddfa41__019_9_4.png,6.8103616205
impostor,Training__Digital_Persona__Fake__Ecoflex__019_9_9.png__523847fb__019_9_9.png,2.6562742039
impostor,Training__Digital_Persona__Fake__Gelatine__002_0_0.png__0fd04bd4__002_0_0.png,25.3737313198
impostor,Training__Digital_Persona__Fake__Gelatine__002_0_4.png__07cc6a3f__002_0_4.png,37.8512716577
impostor,Training__Digital_Persona__Fake__Gelatine__002_0_5.png__4b2c353f__002_0_5.png,100.9773179906
impostor,Training__Digital_Persona__Fake__Gelatine__002_0_9.png__fe250917__002_0_9.png,87.4810306891
impostor,Training__Digital_Persona__Fake__Gelatine__002_1_0.png__63fad9dc__002_1_0.png,1.8256409541
impostor,Training__Digital_Persona__Fake__Gelatine__002_1_4.png__22cf0be5__002_1_4.png,15.6126233966
impostor,Training__Digital_Persona__Fake__Gelatine__002_1_5.png__5a32046b__002_1_5.png,38.4802721316
impostor,Training__Digital_Persona__Fake__Gelatine__002_1_9.png__8032f4a4__002_1_9.png,49.3134905893
impostor,Training__Digital_Persona__Fake__Gelatine__002_2_0.png__43784507__002_2_0.png,55.7036823856
impostor,Training__Digital_Persona__Fake__Gelatine__002_2_4.png__cf5926c0__002_2_4.png,49.0064333607
impostor,Training__Digital_Persona__Fake__Gelatine__002_2_5.png__d4c24b5d__002_2_5.png,81.9356952932
impostor,Training__Digital_Persona__Fake__Gelatine__002_2_9.png__9224110e__002_2_9.png,104.0424655976
impostor,Training__Digital_Persona__Fake__Gelatine__002_3_0.png__2ff5983b__002_3_0.png,2.1721707198
impostor,Training__Digital_Persona__Fake__Gelatine__002_3_4.png__df8a385a__002_3_4.png,12.0683772405
impostor,Training__Digital_Persona__Fake__Gelatine__002_3_5.png__f330f9a1__002_3_5.png,7.5692369615
impostor,Training__Digital_Persona__Fake__Gelatine__002_3_9.png__993ade5c__002_3_9.png,41.8281017721
impostor,Training__Digital_Persona__Fake__Gelatine__002_4_0.png__9e4bcc3a__002_4_0.png,19.8815797385
impostor,Training__Digital_Persona__Fake__Gelatine__002_4_4.png__f17a9e7f__002_4_4.png,53.4713859715
impostor,Training__Digital_Persona__Fake__Gelatine__002_4_5.png__c9a17c91__002_4_5.png,74.3184187582
impostor,Training__Digital_Persona__Fake__Gelatine__002_4_9.png__fe4a0f70__002_4_9.png,40.0288326314
impostor,Training__Digital_Persona__Fake__Gelatine__002_5_0.png__4a170987__002_5_0.png,12.9260990933
impostor,Training__Digital_Persona__Fake__Gelatine__002_5_4.png__480ae0f8__002_5_4.png,9.3717254365
impostor,Training__Digital_Persona__Fake__Gelatine__002_5_5.png__0af26ec6__002_5_5.png,85.3122983283
impostor,Training__Digital_Persona__Fake__Gelatine__002_5_9.png__193a5257__002_5_9.png,50.0034257027
impostor,Training__Digital_Persona__Fake__Gelatine__002_6_0.png__44b97d13__002_6_0.png,30.0733547663
impostor,Training__Digital_Persona__Fake__Gelatine__002_6_4.png__ae6a3dbe__002_6_4.png,26.6763637986
impostor,Training__Digital_Persona__Fake__Gelatine__002_6_5.png__153be831__002_6_5.png,93.7268904427
impostor,Training__Digital_Persona__Fake__Gelatine__002_6_9.png__7d4c4792__002_6_9.png,78.7687472916
impostor,Training__Digital_Persona__Fake__Gelatine__002_7_0.png__14d74021__002_7_0.png,46.348477747
impostor,Training__Digital_Persona__Fake__Gelatine__002_7_4.png__1d8de468__002_7_4.png,73.588991439
impostor,Training__Digital_Persona__Fake__Gelatine__002_7_5.png__011db897__002_7_5.png,75.3434575663
impostor,Training__Digital_Persona__Fake__Gelatine__002_7_9.png__d06078bd__002_7_9.png,34.4421615428
impostor,Training__Digital_Persona__Fake__Gelatine__002_8_0.png__d18ec420__002_8_0.png,74.8391429763
impostor,Training__Digital_Persona__Fake__Gelatine__002_8_4.png__97cce8ab__002_8_4.png,28.1067991276
impostor,Training__Digital_Persona__Fake__Gelatine__002_8_5.png__adb774c6__002_8_5.png,122.5414502259
impostor,Training__Digital_Persona__Fake__Gelatine__002_8_9.png__c792f996__002_8_9.png,77.2851393963
impostor,Training__Digital_Persona__Fake__Gelatine__002_9_0.png__0de73e64__002_9_0.png,56.6844409379
impostor,Training__Digital_Persona__Fake__Gelatine__002_9_4.png__97bf7be0__002_9_4.png,19.1463923978
impostor,Training__Digital_Persona__Fake__Gelatine__002_9_5.png__69f26bd5__002_9_5.png,72.1549523834
impostor,Training__Digital_Persona__Fake__Gelatine__002_9_9.png__56124355__002_9_9.png,56.9039443969
impostor,Training__Digital_Persona__Fake__Gelatine__003_0_0.png__f9bbf5ba__003_0_0.png,24.7744584563
impostor,Training__Digital_Persona__Fake__Gelatine__003_0_4.png__0c365e18__003_0_4.png,47.7146515553
impostor,Training__Digital_Persona__Fake__Gelatine__003_0_9.png__643c6359__003_0_9.png,11.8255381057
impostor,Training__Digital_Persona__Fake__Gelatine__003_1_0.png__603b7b7d__003_1_0.png,2.1346795582
impostor,Training__Digital_Persona__Fake__Gelatine__003_1_4.png__3dcb3870__003_1_4.png,1.9122609505
impostor,Training__Digital_Persona__Fake__Gelatine__003_1_9.png__3ea0e44f__003_1_9.png,2.1030105805
impostor,Training__Digital_Persona__Fake__Gelatine__003_2_0.png__c8f9641f__003_2_0.png,13.3699415723
impostor,Training__Digital_Persona__Fake__Gelatine__003_2_4.png__ecfc013b__003_2_4.png,6.5599212533
impostor,Training__Digital_Persona__Fake__Gelatine__003_2_9.png__dd694486__003_2_9.png,7.8885966932
impostor,Training__Digital_Persona__Fake__Gelatine__003_3_0.png__01a207c9__003_3_0.png,1.7723786577
impostor,Training__Digital_Persona__Fake__Gelatine__003_3_4.png__fc43dc3d__003_3_4.png,0.3842230815
impostor,Training__Digital_Persona__Fake__Gelatine__003_3_9.png__f1a3d808__003_3_9.png,6.2013127586
impostor,Training__Digital_Persona__Fake__Gelatine__003_4_0.png__25e0e3de__003_4_0.png,1.0531352067
impostor,Training__Digital_Persona__Fake__Gelatine__003_4_4.png__c8aa2ea0__003_4_4.png,4.0867561177
impostor,Training__Digital_Persona__Fake__Gelatine__003_4_9.png__5e1188d5__003_4_9.png,0.057349307
impostor,Training__Digital_Persona__Fake__Gelatine__003_5_0.png__8a3c80d2__003_5_0.png,42.8943645906
impostor,Training__Digital_Persona__Fake__Gelatine__003_5_4.png__c2153557__003_5_4.png,28.5840002638
impostor,Training__Digital_Persona__Fake__Gelatine__003_5_9.png__331ec7fb__003_5_9.png,12.5683425588
impostor,Training__Digital_Persona__Fake__Gelatine__003_6_0.png__8d351a27__003_6_0.png,2.0301221003
impostor,Training__Digital_Persona__Fake__Gelatine__003_6_4.png__91987745__003_6_4.png,13.5816860417
impostor,Training__Digital_Persona__Fake__Gelatine__003_6_9.png__780f1738__003_6_9.png,7.6155006608
impostor,Training__Digital_Persona__Fake__Gelatine__003_7_0.png__1eb32abc__003_7_0.png,3.9164804773
impostor,Training__Digital_Persona__Fake__Gelatine__003_7_4.png__39d73496__003_7_4.png,1.5863682293
impostor,Training__Digital_Persona__Fake__Gelatine__003_7_9.png__e89e9c05__003_7_9.png,5.861064353
impostor,Training__Digital_Persona__Fake__Gelatine__003_8_0.png__421c7be9__003_8_0.png,2.4065995377
impostor,Training__Digital_Persona__Fake__Gelatine__003_8_4.png__36cff488__003_8_4.png,19.8563640795
impostor,Training__Digital_Persona__Fake__Gelatine__003_8_9.png__d4a4fc61__003_8_9.png,15.1505033921
impostor,Training__Digital_Persona__Fake__Gelatine__003_9_0.png__42f14cab__003_9_0.png,2.0391267288
impostor,Training__Digital_Persona__Fake__Gelatine__003_9_4.png__046c38fa__003_9_4.png,2.9231261792
impostor,Training__Digital_Persona__Fake__Gelatine__003_9_9.png__f5ee219e__003_9_9.png,1.4710445103
impostor,Training__Digital_Persona__Fake__Gelatine__008_0_0.png__013cb3de__008_0_0.png,15.7633014645
impostor,Training__Digital_Persona__Fake__Gelatine__008_0_4.png__5232c1b9__008_0_4.png,23.863311593
impostor,Training__Digital_Persona__Fake__Gelatine__008_0_9.png__5cae3937__008_0_9.png,31.0386747103
impostor,Training__Digital_Persona__Fake__Gelatine__008_1_0.png__36747a2e__008_1_0.png,9.8545964224
impostor,Training__Digital_Persona__Fake__Gelatine__008_1_4.png__ac21c5eb__008_1_4.png,3.3758025469
impostor,Training__Digital_Persona__Fake__Gelatine__008_1_9.png__b134240b__008_1_9.png,0.1778024844
impostor,Training__Digital_Persona__Fake__Gelatine__008_2_0.png__e69423f8__008_2_0.png,0.0
impostor,Training__Digital_Persona__Fake__Gelatine__008_2_4.png__86a5d49c__008_2_4.png,0.6618212452
impostor,Training__Digital_Persona__Fake__Gelatine__008_2_9.png__287c61a3__008_2_9.png,2.080644342
impostor,Training__Digital_Persona__Fake__Gelatine__008_3_0.png__279fb210__008_3_0.png,1.2093435905
impostor,Training__Digital_Persona__Fake__Gelatine__008_3_4.png__995d7a95__008_3_4.png,0.4654373124
impostor,Training__Digital_Persona__Fake__Gelatine__008_3_9.png__343e4b25__008_3_9.png,1.1114730605
impostor,Training__Digital_Persona__Fake__Gelatine__008_4_0.png__07c7f649__008_4_0.png,5.0348082062
impostor,Training__Digital_Persona__Fake__Gelatine__008_4_4.png__20ec6a67__008_4_4.png,2.4502847839
impostor,Training__Digital_Persona__Fake__Gelatine__008_4_9.png__f8563710__008_4_9.png,1.8418698314
impostor,Training__Digital_Persona__Fake__Gelatine__008_5_0.png__2fd8a8bc__008_5_0.png,33.9970543649
impostor,Training__Digital_Persona__Fake__Gelatine__008_5_4.png__ca4e7d50__008_5_4.png,30.9282485699
impostor,Training__Digital_Persona__Fake__Gelatine__008_5_9.png__61216bfa__008_5_9.png,36.7203068284
impostor,Training__Digital_Persona__Fake__Gelatine__008_6_0.png__2562eebe__008_6_0.png,5.9567422234
impostor,Training__Digital_Persona__Fake__Gelatine__008_6_4.png__1021a587__008_6_4.png,5.844305569
impostor,Training__Digital_Persona__Fake__Gelatine__008_6_9.png__11f3f03a__008_6_9.png,20.5826116766
impostor,Training__Digital_Persona__Fake__Gelatine__008_7_0.png__57165736__008_7_0.png,8.9088723637
impostor,Training__Digital_Persona__Fake__Gelatine__008_7_4.png__ef98cf8f__008_7_4.png,2.2861496706
impostor,Training__Digital_Persona__Fake__Gelatine__008_7_9.png__2df523be__008_7_9.png,2.4020650237
impostor,Training__Digital_Persona__Fake__Gelatine__008_8_0.png__ace4d955__008_8_0.png,3.2178690854
impostor,Training__Digital_Persona__Fake__Gelatine__008_8_4.png__da88368b__008_8_4.png,1.2807547555
impostor,Training__Digital_Persona__Fake__Gelatine__008_8_9.png__a09c7e48__008_8_9.png,2.7490239714
impostor,Training__Digital_Persona__Fake__Gelatine__008_9_0.png__cd68c4ea__008_9_0.png,1.0207070052
impostor,Training__Digital_Persona__Fake__Gelatine__008_9_4.png__08726ec8__008_9_4.png,4.7207403129
impostor,Training__Digital_Persona__Fake__Gelatine__008_9_9.png__946f3e05__008_9_9.png,5.9284823678
impostor,Training__Digital_Persona__Fake__Gelatine__010_0_0.png__3b52e42d__010_0_0.png,51.4444723424
impostor,Training__Digital_Persona__Fake__Gelatine__010_0_4.png__02b572f5__010_0_4.png,34.2531133368
impostor,Training__Digital_Persona__Fake__Gelatine__010_0_9.png__41a42f22__010_0_9.png,62.7913080755
impostor,Training__Digital_Persona__Fake__Gelatine__010_1_0.png__3f1ea4f7__010_1_0.png,18.808424838
impostor,Training__Digital_Persona__Fake__Gelatine__010_1_4.png__7ab80dc0__010_1_4.png,7.9254693106
impostor,Training__Digital_Persona__Fake__Gelatine__010_1_9.png__8c738e3e__010_1_9.png,45.8808227714
impostor,Training__Digital_Persona__Fake__Gelatine__010_2_0.png__8180c779__010_2_0.png,1.578235014
impostor,Training__Digital_Persona__Fake__Gelatine__010_2_4.png__6e0a4c01__010_2_4.png,26.3693374994
impostor,Training__Digital_Persona__Fake__Gelatine__010_2_9.png__7574d149__010_2_9.png,1.9622858945
impostor,Training__Digital_Persona__Fake__Gelatine__010_3_0.png__dfa1db2d__010_3_0.png,37.8586086699
impostor,Training__Digital_Persona__Fake__Gelatine__010_3_4.png__c28d895b__010_3_4.png,41.0650128733
impostor,Training__Digital_Persona__Fake__Gelatine__010_3_9.png__c18eab76__010_3_9.png,3.7968330412
impostor,Training__Digital_Persona__Fake__Gelatine__010_4_0.png__9e970f30__010_4_0.png,0.5812183914
impostor,Training__Digital_Persona__Fake__Gelatine__010_4_4.png__9bb60bed__010_4_4.png,0.3838059925
impostor,Training__Digital_Persona__Fake__Gelatine__010_4_9.png__b5ce8125__010_4_9.png,1.1101229769
impostor,Training__Digital_Persona__Fake__Gelatine__010_5_0.png__bbe844f8__010_5_0.png,2.2036748716
impostor,Training__Digital_Persona__Fake__Gelatine__010_5_4.png__b3302f93__010_5_4.png,7.0817039389
impostor,Training__Digital_Persona__Fake__Gelatine__010_5_9.png__05d99726__010_5_9.png,6.3379574707
impostor,Training__Digital_Persona__Fake__Gelatine__010_6_0.png__986e02fe__010_6_0.png,14.4652525257
impostor,Training__Digital_Persona__Fake__Gelatine__010_6_4.png__878d66f6__010_6_4.png,23.7986491766
impostor,Training__Digital_Persona__Fake__Gelatine__010_6_9.png__049f3cb5__010_6_9.png,20.3625712947
impostor,Training__Digital_Persona__Fake__Gelatine__010_7_0.png__b1ee2953__010_7_0.png,10.7284290381
impostor,Training__Digital_Persona__Fake__Gelatine__010_7_4.png__8c3255e9__010_7_4.png,23.1664249936
impostor,Training__Digital_Persona__Fake__Gelatine__010_7_9.png__904fba3b__010_7_9.png,46.3923840619
impostor,Training__Digital_Persona__Fake__Gelatine__010_8_0.png__0f592f0c__010_8_0.png,1.5136947952
impostor,Training__Digital_Persona__Fake__Gelatine__010_8_4.png__6e569f80__010_8_4.png,4.02289147
impostor,Training__Digital_Persona__Fake__Gelatine__010_8_9.png__9dba0965__010_8_9.png,2.2750096707
impostor,Training__Digital_Persona__Fake__Gelatine__010_9_0.png__4ced7c42__010_9_0.png,9.131459016
impostor,Training__Digital_Persona__Fake__Gelatine__010_9_4.png__b908cfbe__010_9_4.png,6.2146761574
impostor,Training__Digital_Persona__Fake__Gelatine__010_9_9.png__be6ad7e5__010_9_9.png,0.302274151
impostor,Training__Digital_Persona__Fake__Gelatine__012_0_0.png__3267e0e2__012_0_0.png,32.8949496022
impostor,Training__Digital_Persona__Fake__Gelatine__012_0_4.png__44952383__012_0_4.png,40.6330098793
impostor,Training__Digital_Persona__Fake__Gelatine__012_0_9.png__9957e380__012_0_9.png,0.0
impostor,Training__Digital_Persona__Fake__Gelatine__012_1_0.png__689bb26d__012_1_0.png,22.8061385603
impostor,Training__Digital_Persona__Fake__Gelatine__012_1_4.png__ccaa0f6b__012_1_4.png,28.4631174395
impostor,Training__Digital_Persona__Fake__Gelatine__012_1_9.png__9cf68861__012_1_9.png,1.3327638767
impostor,Training__Digital_Persona__Fake__Gelatine__012_2_0.png__4424606b__012_2_0.png,81.1802984082
impostor,Training__Digital_Persona__Fake__Gelatine__012_2_4.png__dd069845__012_2_4.png,30.780938821
impostor,Training__Digital_Persona__Fake__Gelatine__012_2_9.png__44e4d3f5__012_2_9.png,2.1778997378
impostor,Training__Digital_Persona__Fake__Gelatine__012_3_0.png__0edb30b9__012_3_0.png,4.8941673847
impostor,Training__Digital_Persona__Fake__Gelatine__012_3_4.png__e12a3d0e__012_3_4.png,25.7597429937
impostor,Training__Digital_Persona__Fake__Gelatine__012_3_9.png__43c5a292__012_3_9.png,6.6158346421
impostor,Training__Digital_Persona__Fake__Gelatine__012_4_0.png__b9c48531__012_4_0.png,4.1379563852
impostor,Training__Digital_Persona__Fake__Gelatine__012_4_4.png__acde9986__012_4_4.png,3.1396435686
impostor,Training__Digital_Persona__Fake__Gelatine__012_4_9.png__2cb61ebc__012_4_9.png,3.0973924577
impostor,Training__Digital_Persona__Fake__Gelatine__012_5_0.png__e484c620__012_5_0.png,31.7586253945
impostor,Training__Digital_Persona__Fake__Gelatine__012_5_4.png__a5094f48__012_5_4.png,17.3815589006
impostor,Training__Digital_Persona__Fake__Gelatine__012_5_9.png__b2e9cb1a__012_5_9.png,78.0987845181
impostor,Training__Digital_Persona__Fake__Gelatine__012_6_0.png__044a808f__012_6_0.png,43.7444375409
impostor,Training__Digital_Persona__Fake__Gelatine__012_6_4.png__7bdf7eff__012_6_4.png,86.2703682744
impostor,Training__Digital_Persona__Fake__Gelatine__012_6_9.png__81de0f88__012_6_9.png,34.9117197596
impostor,Training__Digital_Persona__Fake__Gelatine__012_7_0.png__4aa1d487__012_7_0.png,61.8720451367
impostor,Training__Digital_Persona__Fake__Gelatine__012_7_4.png__e956a196__012_7_4.png,56.8364867512
impostor,Training__Digital_Persona__Fake__Gelatine__012_7_9.png__593c6790__012_7_9.png,7.4893118994
impostor,Training__Digital_Persona__Fake__Gelatine__012_8_0.png__d553e1c9__012_8_0.png,4.5295012191
impostor,Training__Digital_Persona__Fake__Gelatine__012_8_4.png__a6abb5cd__012_8_4.png,25.9136798555
impostor,Training__Digital_Persona__Fake__Gelatine__012_8_9.png__c1d42543__012_8_9.png,8.6987790437
impostor,Training__Digital_Persona__Fake__Gelatine__012_9_0.png__353e0b9d__012_9_0.png,5.0104824865
impostor,Training__Digital_Persona__Fake__Gelatine__012_9_4.png__d6712d81__012_9_4.png,25.7377948323
impostor,Training__Digital_Persona__Fake__Gelatine__012_9_9.png__2ec37853__012_9_9.png,9.6603566808
impostor,Training__Digital_Persona__Fake__Gelatine__014_0_0.png__1bc43ab6__014_0_0.png,15.7062913939
impostor,Training__Digital_Persona__Fake__Gelatine__014_0_4.png__55628cad__014_0_4.png,46.6287387304
impostor,Training__Digital_Persona__Fake__Gelatine__014_0_9.png__cbb41e34__014_0_9.png,12.7086222901
impostor,Training__Digital_Persona__Fake__Gelatine__014_1_0.png__aee31cf1__014_1_0.png,4.9572708986
impostor,Training__Digital_Persona__Fake__Gelatine__014_1_4.png__aadc61c0__014_1_4.png,0.6456640992
impostor,Training__Digital_Persona__Fake__Gelatine__014_1_9.png__ca910f46__014_1_9.png,60.7912209181
impostor,Training__Digital_Persona__Fake__Gelatine__014_2_0.png__14965ec6__014_2_0.png,9.3032962132
impostor,Training__Digital_Persona__Fake__Gelatine__014_2_4.png__88d12ede__014_2_4.png,10.6917327292
impostor,Training__Digital_Persona__Fake__Gelatine__014_2_9.png__bee4f046__014_2_9.png,2.3818393009
impostor,Training__Digital_Persona__Fake__Gelatine__014_3_0.png__7dbeb0da__014_3_0.png,4.8117631511
impostor,Training__Digital_Persona__Fake__Gelatine__014_3_4.png__93cfa640__014_3_4.png,0.543001733
impostor,Training__Digital_Persona__Fake__Gelatine__014_3_9.png__164f4020__014_3_9.png,5.565667561
impostor,Training__Digital_Persona__Fake__Gelatine__014_4_0.png__842fa7fa__014_4_0.png,21.6169139368
impostor,Training__Digital_Persona__Fake__Gelatine__014_4_4.png__01df6d3d__014_4_4.png,8.8412406223
impostor,Training__Digital_Persona__Fake__Gelatine__014_4_9.png__5aa57ad9__014_4_9.png,7.7815707752
impostor,Training__Digital_Persona__Fake__Gelatine__014_5_0.png__d760715d__014_5_0.png,26.6110935293
impostor,Training__Digital_Persona__Fake__Gelatine__014_5_4.png__814b4755__014_5_4.png,5.1939377311
impostor,Training__Digital_Persona__Fake__Gelatine__014_5_9.png__e0e42e8d__014_5_9.png,5.7121844101
impostor,Training__Digital_Persona__Fake__Gelatine__014_6_0.png__be77d355__014_6_0.png,5.8559651973
impostor,Training__Digital_Persona__Fake__Gelatine__014_6_4.png__1160587e__014_6_4.png,2.5819810249
impostor,Training__Digital_Persona__Fake__Gelatine__014_6_9.png__90e92d33__014_6_9.png,20.6878991374
impostor,Training__Digital_Persona__Fake__Gelatine__014_7_0.png__e3c8af04__014_7_0.png,0.6496834257
impostor,Training__Digital_Persona__Fake__Gelatine__014_7_4.png__cd4c1d5b__014_7_4.png,2.0426308225
impostor,Training__Digital_Persona__Fake__Gelatine__014_7_9.png__4acb22eb__014_7_9.png,0.0
impostor,Training__Digital_Persona__Fake__Gelatine__014_8_0.png__70257adc__014_8_0.png,6.0652113081
impostor,Training__Digital_Persona__Fake__Gelatine__014_8_4.png__36e6c6cb__014_8_4.png,3.219748197
impostor,Training__Digital_Persona__Fake__Gelatine__014_8_9.png__c0a5c4f2__014_8_9.png,3.9552919315
impostor,Training__Digital_Persona__Fake__Gelatine__014_9_0.png__249bc27d__014_9_0.png,5.0001520706
impostor,Training__Digital_Persona__Fake__Gelatine__014_9_4.png__6ee55ac8__014_9_4.png,5.8408701466
impostor,Training__Digital_Persona__Fake__Gelatine__014_9_9.png__5ac4f09d__014_9_9.png,2.1130984606
impostor,Training__Digital_Persona__Fake__Gelatine__019_0_0.png__b6a2f906__019_0_0.png,18.2149945327
impostor,Training__Digital_Persona__Fake__Gelatine__019_0_4.png__154483b1__019_0_4.png,34.2455398304
impostor,Training__Digital_Persona__Fake__Gelatine__019_0_9.png__da147f62__019_0_9.png,12.908765172
impostor,Training__Digital_Persona__Fake__Gelatine__019_1_0.png__c1b62e9d__019_1_0.png,53.8216733705
impostor,Training__Digital_Persona__Fake__Gelatine__019_1_4.png__8beeb6b7__019_1_4.png,115.2853392466
impostor,Training__Digital_Persona__Fake__Gelatine__019_1_9.png__ba0c849f__019_1_9.png,101.7043580518
impostor,Training__Digital_Persona__Fake__Gelatine__019_2_0.png__825a9943__019_2_0.png,25.6781886007
impostor,Training__Digital_Persona__Fake__Gelatine__019_2_4.png__bc39ff4e__019_2_4.png,48.0869735773
impostor,Training__Digital_Persona__Fake__Gelatine__019_2_9.png__e4265780__019_2_9.png,46.0624680438
impostor,Training__Digital_Persona__Fake__Gelatine__019_3_0.png__cbfa008b__019_3_0.png,28.8618458413
impostor,Training__Digital_Persona__Fake__Gelatine__019_3_4.png__6842c867__019_3_4.png,25.7268653687
impostor,Training__Digital_Persona__Fake__Gelatine__019_3_9.png__3c5cfced__019_3_9.png,19.2620713182
impostor,Training__Digital_Persona__Fake__Gelatine__019_4_0.png__4f21d4bb__019_4_0.png,2.1424631651
impostor,Training__Digital_Persona__Fake__Gelatine__019_4_4.png__839a0efa__019_4_4.png,4.2728317851
impostor,Training__Digital_Persona__Fake__Gelatine__019_4_9.png__e4067382__019_4_9.png,4.0157798939
impostor,Training__Digital_Persona__Fake__Gelatine__019_5_0.png__0b0fd2ee__019_5_0.png,41.6682365017
impostor,Training__Digital_Persona__Fake__Gelatine__019_5_4.png__a42a0cfd__019_5_4.png,17.0845334792
impostor,Training__Digital_Persona__Fake__Gelatine__019_5_9.png__16b75aa1__019_5_9.png,32.1275613694
impostor,Training__Digital_Persona__Fake__Gelatine__019_6_0.png__8f61c489__019_6_0.png,13.1951845555
impostor,Training__Digital_Persona__Fake__Gelatine__019_6_4.png__190b3bb9__019_6_4.png,68.3478458494
impostor,Training__Digital_Persona__Fake__Gelatine__019_6_9.png__7c5ce474__019_6_9.png,23.8217551537
impostor,Training__Digital_Persona__Fake__Gelatine__019_7_0.png__affc9b44__019_7_0.png,27.7702700096
impostor,Training__Digital_Persona__Fake__Gelatine__019_7_4.png__ded73285__019_7_4.png,30.0624860133
impostor,Training__Digital_Persona__Fake__Gelatine__019_7_9.png__66c1d090__019_7_9.png,5.0735466839
impostor,Training__Digital_Persona__Fake__Gelatine__019_8_0.png__ed1be8df__019_8_0.png,1.0929019678
impostor,Training__Digital_Persona__Fake__Gelatine__019_8_4.png__60f560c1__019_8_4.png,1.2126979641
impostor,Training__Digital_Persona__Fake__Gelatine__019_8_9.png__8e231eea__019_8_9.png,1.250101728
impostor,Training__Digital_Persona__Fake__Gelatine__019_9_0.png__bdc909b2__019_9_0.png,1.4174284235
impostor,Training__Digital_Persona__Fake__Gelatine__019_9_4.png__dbe04549__019_9_4.png,7.8269947782
impostor,Training__Digital_Persona__Fake__Gelatine__019_9_9.png__bfb0d392__019_9_9.png,7.0804241143
impostor,Training__Digital_Persona__Fake__Latex__002_0_0.png__0a6f9148__002_0_0.png,99.1714014284
impostor,Training__Digital_Persona__Fake__Latex__002_0_4.png__f696863e__002_0_4.png,95.7920121027
impostor,Training__Digital_Persona__Fake__Latex__002_0_5.png__353f0120__002_0_5.png,111.9602622307
impostor,Training__Digital_Persona__Fake__Latex__002_0_9.png__3dd46715__002_0_9.png,62.2559412629
impostor,Training__Digital_Persona__Fake__Latex__002_1_0.png__2909c8fb__002_1_0.png,12.9822163329
impostor,Training__Digital_Persona__Fake__Latex__002_1_4.png__0ef6547f__002_1_4.png,11.2913190549
impostor,Training__Digital_Persona__Fake__Latex__002_1_5.png__eacaaa66__002_1_5.png,39.6666845045
impostor,Training__Digital_Persona__Fake__Latex__002_1_9.png__6373be55__002_1_9.png,17.3379524487
impostor,Training__Digital_Persona__Fake__Latex__002_2_0.png__18c7c271__002_2_0.png,70.4305237972
impostor,Training__Digital_Persona__Fake__Latex__002_2_4.png__2711a2fb__002_2_4.png,78.0965672436
impostor,Training__Digital_Persona__Fake__Latex__002_2_5.png__ab4ac103__002_2_5.png,87.1040657629
impostor,Training__Digital_Persona__Fake__Latex__002_2_9.png__b872fdd2__002_2_9.png,79.1545261999
impostor,Training__Digital_Persona__Fake__Latex__002_3_0.png__055ed983__002_3_0.png,20.2219953192
impostor,Training__Digital_Persona__Fake__Latex__002_3_4.png__8fe71f97__002_3_4.png,5.2867289386
impostor,Training__Digital_Persona__Fake__Latex__002_3_5.png__b8cedd96__002_3_5.png,3.0267432023
impostor,Training__Digital_Persona__Fake__Latex__002_3_9.png__3930e044__002_3_9.png,5.0614216188
impostor,Training__Digital_Persona__Fake__Latex__002_4_0.png__359f7118__002_4_0.png,44.1391400091
impostor,Training__Digital_Persona__Fake__Latex__002_4_4.png__26e04d28__002_4_4.png,27.33137224
impostor,Training__Digital_Persona__Fake__Latex__002_4_5.png__bdd88a05__002_4_5.png,29.6281498021
impostor,Training__Digital_Persona__Fake__Latex__002_4_9.png__31668194__002_4_9.png,25.3077948773
impostor,Training__Digital_Persona__Fake__Latex__002_5_0.png__83b28254__002_5_0.png,104.0426048613
impostor,Training__Digital_Persona__Fake__Latex__002_5_4.png__87d61eb2__002_5_4.png,34.6064075253
impostor,Training__Digital_Persona__Fake__Latex__002_5_5.png__69e84762__002_5_5.png,58.9814153159
impostor,Training__Digital_Persona__Fake__Latex__002_5_9.png__405f4419__002_5_9.png,38.5940257873
impostor,Training__Digital_Persona__Fake__Latex__002_6_0.png__6578179d__002_6_0.png,102.7503065649
impostor,Training__Digital_Persona__Fake__Latex__002_6_4.png__f58e1be1__002_6_4.png,79.2419442398
impostor,Training__Digital_Persona__Fake__Latex__002_6_5.png__28b4adfd__002_6_5.png,109.4504862397
impostor,Training__Digital_Persona__Fake__Latex__002_6_9.png__309c358d__002_6_9.png,72.0886582148
impostor,Training__Digital_Persona__Fake__Latex__002_7_0.png__802a3a18__002_7_0.png,107.2409895418
impostor,Training__Digital_Persona__Fake__Latex__002_7_4.png__b4d93919__002_7_4.png,105.4635430212
impostor,Training__Digital_Persona__Fake__Latex__002_7_5.png__87b65ce8__002_7_5.png,112.8289652698
impostor,Training__Digital_Persona__Fake__Latex__002_7_9.png__614d8be5__002_7_9.png,125.9480205748
impostor,Training__Digital_Persona__Fake__Latex__002_8_0.png__a8f24c10__002_8_0.png,71.5116402019
impostor,Training__Digital_Persona__Fake__Latex__002_8_4.png__452167c7__002_8_4.png,91.7230183212
impostor,Training__Digital_Persona__Fake__Latex__002_8_5.png__75456cfa__002_8_5.png,59.4719067947
impostor,Training__Digital_Persona__Fake__Latex__002_8_9.png__b19a1301__002_8_9.png,56.4092469931
impostor,Training__Digital_Persona__Fake__Latex__002_9_0.png__3aba94c2__002_9_0.png,77.313049276
impostor,Training__Digital_Persona__Fake__Latex__002_9_4.png__0c0e8433__002_9_4.png,88.2048805849
impostor,Training__Digital_Persona__Fake__Latex__002_9_5.png__97230f50__002_9_5.png,92.4642616026
impostor,Training__Digital_Persona__Fake__Latex__002_9_9.png__e751efb5__002_9_9.png,116.1725384618
impostor,Training__Digital_Persona__Fake__Latex__003_0_0.png__e88d366e__003_0_0.png,54.564256224
impostor,Training__Digital_Persona__Fake__Latex__003_0_4.png__95745a99__003_0_4.png,1.5518757661
impostor,Training__Digital_Persona__Fake__Latex__003_0_9.png__d95fc5e0__003_0_9.png,7.6409940662
impostor,Training__Digital_Persona__Fake__Latex__003_1_0.png__50254f48__003_1_0.png,1.0369695592
impostor,Training__Digital_Persona__Fake__Latex__003_1_4.png__ce6888d8__003_1_4.png,0.2744052026
impostor,Training__Digital_Persona__Fake__Latex__003_1_9.png__d948bdbc__003_1_9.png,8.4780466579
impostor,Training__Digital_Persona__Fake__Latex__003_2_0.png__04c43b9c__003_2_0.png,2.1318693911
impostor,Training__Digital_Persona__Fake__Latex__003_2_4.png__6a06424d__003_2_4.png,2.6529459142
impostor,Training__Digital_Persona__Fake__Latex__003_2_9.png__486a11b5__003_2_9.png,7.2504414043
impostor,Training__Digital_Persona__Fake__Latex__003_3_0.png__ff866856__003_3_0.png,2.1497551106
impostor,Training__Digital_Persona__Fake__Latex__003_3_4.png__00718487__003_3_4.png,5.3117327611
impostor,Training__Digital_Persona__Fake__Latex__003_3_9.png__66c6309f__003_3_9.png,2.490050391
impostor,Training__Digital_Persona__Fake__Latex__003_4_0.png__3ed009b5__003_4_0.png,2.2666936562
impostor,Training__Digital_Persona__Fake__Latex__003_4_4.png__d668febb__003_4_4.png,3.8353685119
impostor,Training__Digital_Persona__Fake__Latex__003_4_9.png__8c457573__003_4_9.png,6.8491763133
impostor,Training__Digital_Persona__Fake__Latex__003_5_0.png__d8b41386__003_5_0.png,10.5151460172
impostor,Training__Digital_Persona__Fake__Latex__003_5_4.png__3fadd835__003_5_4.png,5.7628485351
impostor,Training__Digital_Persona__Fake__Latex__003_5_9.png__efd5cbe7__003_5_9.png,7.4896974648
impostor,Training__Digital_Persona__Fake__Latex__003_6_0.png__604da8ac__003_6_0.png,1.6717527378
impostor,Training__Digital_Persona__Fake__Latex__003_6_4.png__77fb49c3__003_6_4.png,2.650092751
impostor,Training__Digital_Persona__Fake__Latex__003_6_9.png__11bba119__003_6_9.png,2.7547989389
impostor,Training__Digital_Persona__Fake__Latex__003_7_0.png__5bd63cd6__003_7_0.png,6.1868079457
impostor,Training__Digital_Persona__Fake__Latex__003_7_4.png__b9244336__003_7_4.png,3.9480683503
impostor,Training__Digital_Persona__Fake__Latex__003_7_9.png__f0be2438__003_7_9.png,5.9368736519
impostor,Training__Digital_Persona__Fake__Latex__003_8_0.png__cf4a76d3__003_8_0.png,5.272504713
impostor,Training__Digital_Persona__Fake__Latex__003_8_4.png__ce62001f__003_8_4.png,5.9536064043
impostor,Training__Digital_Persona__Fake__Latex__003_8_9.png__9fcb0625__003_8_9.png,3.2596570394
impostor,Training__Digital_Persona__Fake__Latex__003_9_0.png__7899f951__003_9_0.png,1.2233367191
impostor,Training__Digital_Persona__Fake__Latex__003_9_4.png__bc85776a__003_9_4.png,4.9074090147
impostor,Training__Digital_Persona__Fake__Latex__003_9_9.png__4a71859e__003_9_9.png,0.3518908559
impostor,Training__Digital_Persona__Fake__Latex__008_0_0.png__5e5c151c__008_0_0.png,4.3992537816
impostor,Training__Digital_Persona__Fake__Latex__008_0_4.png__59688793__008_0_4.png,2.7034461224
impostor,Training__Digital_Persona__Fake__Latex__008_0_9.png__db17dfe8__008_0_9.png,4.3729558699
impostor,Training__Digital_Persona__Fake__Latex__008_1_0.png__90fc4831__008_1_0.png,0.0
impostor,Training__Digital_Persona__Fake__Latex__008_1_4.png__dc1b8cb0__008_1_4.png,4.2600350049
impostor,Training__Digital_Persona__Fake__Latex__008_1_9.png__8b0c0ed9__008_1_9.png,2.2791319381
impostor,Training__Digital_Persona__Fake__Latex__008_2_0.png__b3774905__008_2_0.png,11.0055388507
impostor,Training__Digital_Persona__Fake__Latex__008_2_4.png__53161644__008_2_4.png,1.9449029168
impostor,Training__Digital_Persona__Fake__Latex__008_2_9.png__fd2e0da4__008_2_9.png,4.2024603389
impostor,Training__Digital_Persona__Fake__Latex__008_3_0.png__945efdc9__008_3_0.png,0.0
impostor,Training__Digital_Persona__Fake__Latex__008_3_4.png__dbb134be__008_3_4.png,1.0170636875
impostor,Training__Digital_Persona__Fake__Latex__008_3_9.png__592800f3__008_3_9.png,0.0
impostor,Training__Digital_Persona__Fake__Latex__008_4_0.png__fab3690e__008_4_0.png,9.4554825012
impostor,Training__Digital_Persona__Fake__Latex__008_4_4.png__82889abb__008_4_4.png,2.6938534575
impostor,Training__Digital_Persona__Fake__Latex__008_4_9.png__05cb9da1__008_4_9.png,12.8215543712
impostor,Training__Digital_Persona__Fake__Latex__008_5_0.png__9575a9cb__008_5_0.png,22.7107715322
impostor,Training__Digital_Persona__Fake__Latex__008_5_4.png__b10a139e__008_5_4.png,21.6143475467
impostor,Training__Digital_Persona__Fake__Latex__008_5_9.png__225bc3ee__008_5_9.png,9.1327092446
impostor,Training__Digital_Persona__Fake__Latex__008_6_0.png__837e19aa__008_6_0.png,14.7429942699
impostor,Training__Digital_Persona__Fake__Latex__008_6_4.png__ba103b5d__008_6_4.png,4.1870971047
impostor,Training__Digital_Persona__Fake__Latex__008_6_9.png__c36ff0a1__008_6_9.png,20.7130508648
impostor,Training__Digital_Persona__Fake__Latex__008_7_0.png__4fad162d__008_7_0.png,3.7762851956
impostor,Training__Digital_Persona__Fake__Latex__008_7_4.png__e33a0f8e__008_7_4.png,1.4828170489
impostor,Training__Digital_Persona__Fake__Latex__008_7_9.png__f6bfab27__008_7_9.png,5.5365901343
impostor,Training__Digital_Persona__Fake__Latex__008_8_0.png__2cce8a63__008_8_0.png,18.8545519258
impostor,Training__Digital_Persona__Fake__Latex__008_8_4.png__72cc9443__008_8_4.png,9.6804484296
impostor,Training__Digital_Persona__Fake__Latex__008_8_9.png__ff639433__008_8_9.png,1.7648894109
impostor,Training__Digital_Persona__Fake__Latex__008_9_0.png__318c196e__008_9_0.png,2.4159953477
impostor,Training__Digital_Persona__Fake__Latex__008_9_4.png__6f0e51b0__008_9_4.png,4.2203872728
impostor,Training__Digital_Persona__Fake__Latex__008_9_9.png__b1636545__008_9_9.png,26.1847381652
impostor,Training__Digital_Persona__Fake__Latex__010_0_0.png__c9882b64__010_0_0.png,11.6603402361
impostor,Training__Digital_Persona__Fake__Latex__010_0_4.png__0d2a4d48__010_0_4.png,39.444668521
impostor,Training__Digital_Persona__Fake__Latex__010_0_9.png__6a0155d8__010_0_9.png,40.8194302628
impostor,Training__Digital_Persona__Fake__Latex__010_1_0.png__c33e1fcd__010_1_0.png,10.5499340035
impostor,Training__Digital_Persona__Fake__Latex__010_1_4.png__c2fc8ba3__010_1_4.png,0.6001974616
impostor,Training__Digital_Persona__Fake__Latex__010_1_9.png__057f340b__010_1_9.png,7.6189501575
impostor,Training__Digital_Persona__Fake__Latex__010_2_0.png__218a743b__010_2_0.png,10.489547246
impostor,Training__Digital_Persona__Fake__Latex__010_2_4.png__1aa4b26a__010_2_4.png,43.1087047393
impostor,Training__Digital_Persona__Fake__Latex__010_2_9.png__e9b95040__010_2_9.png,0.2009549766
impostor,Training__Digital_Persona__Fake__Latex__010_3_0.png__15c5923f__010_3_0.png,26.7526078171
impostor,Training__Digital_Persona__Fake__Latex__010_3_4.png__1c61c68e__010_3_4.png,30.0414749572
impostor,Training__Digital_Persona__Fake__Latex__010_3_9.png__62fae783__010_3_9.png,36.4504565309
impostor,Training__Digital_Persona__Fake__Latex__010_4_0.png__226c2f7f__010_4_0.png,1.4914525751
impostor,Training__Digital_Persona__Fake__Latex__010_4_4.png__7edf903c__010_4_4.png,12.89272731
impostor,Training__Digital_Persona__Fake__Latex__010_4_9.png__226570f1__010_4_9.png,1.1191224369
impostor,Training__Digital_Persona__Fake__Latex__010_5_0.png__e04dc5aa__010_5_0.png,4.1162875681
impostor,Training__Digital_Persona__Fake__Latex__010_5_4.png__0262abea__010_5_4.png,29.4060338017
impostor,Training__Digital_Persona__Fake__Latex__010_5_9.png__39356658__010_5_9.png,6.4822053133
impostor,Training__Digital_Persona__Fake__Latex__010_6_0.png__76dc1dd3__010_6_0.png,13.4286127811
impostor,Training__Digital_Persona__Fake__Latex__010_6_4.png__1ec31f85__010_6_4.png,1.4707891837
impostor,Training__Digital_Persona__Fake__Latex__010_6_9.png__068c43cb__010_6_9.png,0.68018233
impostor,Training__Digital_Persona__Fake__Latex__010_7_0.png__ac7b5885__010_7_0.png,0.0
impostor,Training__Digital_Persona__Fake__Latex__010_7_4.png__ea167dd6__010_7_4.png,1.0245249546
impostor,Training__Digital_Persona__Fake__Latex__010_7_9.png__a2bf9201__010_7_9.png,4.8659962369
impostor,Training__Digital_Persona__Fake__Latex__010_8_0.png__4fd07140__010_8_0.png,1.8783225814
impostor,Training__Digital_Persona__Fake__Latex__010_8_4.png__3b7df4c3__010_8_4.png,0.0
impostor,Training__Digital_Persona__Fake__Latex__010_8_9.png__b2a733ec__010_8_9.png,0.0
impostor,Training__Digital_Persona__Fake__Latex__010_9_0.png__72d04ff2__010_9_0.png,0.2562724824
impostor,Training__Digital_Persona__Fake__Latex__010_9_4.png__944cc437__010_9_4.png,0.4277314059
impostor,Training__Digital_Persona__Fake__Latex__010_9_9.png__7b67fb7b__010_9_9.png,0.0
impostor,Training__Digital_Persona__Fake__Latex__012_0_0.png__0e72c38e__012_0_0.png,15.5099816629
impostor,Training__Digital_Persona__Fake__Latex__012_0_4.png__72d6f803__012_0_4.png,0.5684086264
impostor,Training__Digital_Persona__Fake__Latex__012_0_9.png__deddda5e__012_0_9.png,4.9973216385
impostor,Training__Digital_Persona__Fake__Latex__012_1_0.png__14398188__012_1_0.png,24.819136151
impostor,Training__Digital_Persona__Fake__Latex__012_1_4.png__e8d4ef9a__012_1_4.png,28.9773310043
impostor,Training__Digital_Persona__Fake__Latex__012_1_9.png__00f08828__012_1_9.png,9.0639439443
impostor,Training__Digital_Persona__Fake__Latex__012_2_0.png__6defc1b4__012_2_0.png,82.1580448371
impostor,Training__Digital_Persona__Fake__Latex__012_2_4.png__99509ae4__012_2_4.png,45.7300733579
impostor,Training__Digital_Persona__Fake__Latex__012_2_9.png__914b6090__012_2_9.png,33.5801570153
impostor,Training__Digital_Persona__Fake__Latex__012_3_0.png__0178023f__012_3_0.png,46.244049257
impostor,Training__Digital_Persona__Fake__Latex__012_3_4.png__e971786e__012_3_4.png,2.3511301305
impostor,Training__Digital_Persona__Fake__Latex__012_3_9.png__9b24c599__012_3_9.png,24.4830942104
impostor,Training__Digital_Persona__Fake__Latex__012_4_0.png__583859fd__012_4_0.png,38.9941407504
impostor,Training__Digital_Persona__Fake__Latex__012_4_4.png__3ec4bf63__012_4_4.png,29.7920883118
impostor,Training__Digital_Persona__Fake__Latex__012_4_9.png__6d76bdbd__012_4_9.png,36.2173323093
impostor,Training__Digital_Persona__Fake__Latex__012_5_0.png__20da5b29__012_5_0.png,8.6425254167
impostor,Training__Digital_Persona__Fake__Latex__012_5_4.png__0fbb216d__012_5_4.png,55.4848912983
impostor,Training__Digital_Persona__Fake__Latex__012_5_9.png__59c6e483__012_5_9.png,6.0429599703
impostor,Training__Digital_Persona__Fake__Latex__012_6_0.png__258caee3__012_6_0.png,89.0962832058
impostor,Training__Digital_Persona__Fake__Latex__012_6_4.png__d1657446__012_6_4.png,70.9367405502
impostor,Training__Digital_Persona__Fake__Latex__012_6_9.png__79969465__012_6_9.png,58.8335674524
impostor,Training__Digital_Persona__Fake__Latex__012_7_0.png__b232289f__012_7_0.png,52.9254096651
impostor,Training__Digital_Persona__Fake__Latex__012_7_4.png__ea0c11af__012_7_4.png,76.9505165887
impostor,Training__Digital_Persona__Fake__Latex__012_7_9.png__4e22a75e__012_7_9.png,36.5733494739
impostor,Training__Digital_Persona__Fake__Latex__012_8_0.png__132fd644__012_8_0.png,32.8858164532
impostor,Training__Digital_Persona__Fake__Latex__012_8_4.png__aeea75e8__012_8_4.png,35.1810888774
impostor,Training__Digital_Persona__Fake__Latex__012_8_9.png__9a41898c__012_8_9.png,39.9505416883
impostor,Training__Digital_Persona__Fake__Latex__012_9_0.png__4fc2187b__012_9_0.png,14.8539463861
impostor,Training__Digital_Persona__Fake__Latex__012_9_4.png__2e3b97b0__012_9_4.png,1.6285681815
impostor,Training__Digital_Persona__Fake__Latex__012_9_9.png__efaac0f1__012_9_9.png,4.3701678248
impostor,Training__Digital_Persona__Fake__Latex__014_0_0.png__7e18ae5b__014_0_0.png,80.1970861628
impostor,Training__Digital_Persona__Fake__Latex__014_0_4.png__3a5eae83__014_0_4.png,118.0697506608
impostor,Training__Digital_Persona__Fake__Latex__014_0_9.png__a0ee5c57__014_0_9.png,72.5433823597
impostor,Training__Digital_Persona__Fake__Latex__014_1_0.png__d12830a2__014_1_0.png,31.4107564394
impostor,Training__Digital_Persona__Fake__Latex__014_1_4.png__6f519f92__014_1_4.png,27.0754058101
impostor,Training__Digital_Persona__Fake__Latex__014_1_9.png__f7ca4034__014_1_9.png,58.9434915707
impostor,Training__Digital_Persona__Fake__Latex__014_2_0.png__b1f45d31__014_2_0.png,20.7638635331
impostor,Training__Digital_Persona__Fake__Latex__014_2_4.png__391257cc__014_2_4.png,2.9637563975
impostor,Training__Digital_Persona__Fake__Latex__014_2_9.png__4f826c3e__014_2_9.png,7.0440333997
impostor,Training__Digital_Persona__Fake__Latex__014_3_0.png__8f3f45f7__014_3_0.png,45.7368231297
impostor,Training__Digital_Persona__Fake__Latex__014_3_4.png__cc9a9d1f__014_3_4.png,16.6131068206
impostor,Training__Digital_Persona__Fake__Latex__014_3_9.png__1820295c__014_3_9.png,14.460005617
impostor,Training__Digital_Persona__Fake__Latex__014_4_0.png__18b7845f__014_4_0.png,8.3733435799
impostor,Training__Digital_Persona__Fake__Latex__014_4_4.png__0eb61cd4__014_4_4.png,25.8079006991
impostor,Training__Digital_Persona__Fake__Latex__014_4_9.png__c43b7d60__014_4_9.png,16.2425452105
impostor,Training__Digital_Persona__Fake__Latex__014_5_0.png__d50b0fe7__014_5_0.png,59.0594716334
impostor,Training__Digital_Persona__Fake__Latex__014_5_4.png__4d20c3f3__014_5_4.png,131.4649184884
impostor,Training__Digital_Persona__Fake__Latex__014_5_9.png__f47655cf__014_5_9.png,46.3120528482
impostor,Training__Digital_Persona__Fake__Latex__014_6_0.png__6c8d5cc1__014_6_0.png,14.3751194562
impostor,Training__Digital_Persona__Fake__Latex__014_6_4.png__8c58697f__014_6_4.png,18.0588247607
impostor,Training__Digital_Persona__Fake__Latex__014_6_9.png__f0fa8a45__014_6_9.png,31.3238228871
impostor,Training__Digital_Persona__Fake__Latex__014_7_0.png__7587b22d__014_7_0.png,9.567353883
impostor,Training__Digital_Persona__Fake__Latex__014_7_4.png__6e70ecdd__014_7_4.png,7.3408961064
impostor,Training__Digital_Persona__Fake__Latex__014_7_9.png__85007fe6__014_7_9.png,1.7654833024
impostor,Training__Digital_Persona__Fake__Latex__014_8_0.png__2ce8f877__014_8_0.png,2.0389193981
impostor,Training__Digital_Persona__Fake__Latex__014_8_4.png__ddf2e406__014_8_4.png,3.5248818234
impostor,Training__Digital_Persona__Fake__Latex__014_8_9.png__e4c4f29f__014_8_9.png,5.4697340198
impostor,Training__Digital_Persona__Fake__Latex__014_9_0.png__278cd72f__014_9_0.png,14.6274447367
impostor,Training__Digital_Persona__Fake__Latex__014_9_4.png__b696204d__014_9_4.png,25.6475505404
impostor,Training__Digital_Persona__Fake__Latex__014_9_9.png__95430f14__014_9_9.png,15.008309646
impostor,Training__Digital_Persona__Fake__Latex__019_0_0.png__2a552718__019_0_0.png,1.6756346083
impostor,Training__Digital_Persona__Fake__Latex__019_0_4.png__10b0a648__019_0_4.png,14.3276217119
impostor,Training__Digital_Persona__Fake__Latex__019_0_9.png__74565182__019_0_9.png,0.421564029
impostor,Training__Digital_Persona__Fake__Latex__019_1_0.png__4ba0f822__019_1_0.png,25.3253462966
impostor,Training__Digital_Persona__Fake__Latex__019_1_4.png__c9703009__019_1_4.png,5.8014316352
impostor,Training__Digital_Persona__Fake__Latex__019_1_9.png__4dedbb5f__019_1_9.png,2.2173378207
impostor,Training__Digital_Persona__Fake__Latex__019_2_0.png__36713b7b__019_2_0.png,7.8277855921
impostor,Training__Digital_Persona__Fake__Latex__019_2_4.png__ac871c06__019_2_4.png,4.8473879437
impostor,Training__Digital_Persona__Fake__Latex__019_2_9.png__6163a9b9__019_2_9.png,0.0
impostor,Training__Digital_Persona__Fake__Latex__019_3_0.png__8ac32e53__019_3_0.png,0.9088977461
impostor,Training__Digital_Persona__Fake__Latex__019_3_4.png__812c9332__019_3_4.png,1.5152219176
impostor,Training__Digital_Persona__Fake__Latex__019_3_9.png__49b5fae4__019_3_9.png,1.6086782335
impostor,Training__Digital_Persona__Fake__Latex__019_4_0.png__5b0ce40d__019_4_0.png,5.8557728584
impostor,Training__Digital_Persona__Fake__Latex__019_4_4.png__b02f2a2b__019_4_4.png,1.4294588029
impostor,Training__Digital_Persona__Fake__Latex__019_4_9.png__3840d76b__019_4_9.png,1.9505981429
impostor,Training__Digital_Persona__Fake__Latex__019_5_0.png__e2025857__019_5_0.png,0.0
impostor,Training__Digital_Persona__Fake__Latex__019_5_4.png__4cf4edfa__019_5_4.png,24.8944070979
impostor,Training__Digital_Persona__Fake__Latex__019_5_9.png__6b76a268__019_5_9.png,2.8466460395
impostor,Training__Digital_Persona__Fake__Latex__019_6_0.png__9eec0c62__019_6_0.png,4.6891937142
impostor,Training__Digital_Persona__Fake__Latex__019_6_4.png__426cb4ac__019_6_4.png,4.1082128804
impostor,Training__Digital_Persona__Fake__Latex__019_6_9.png__129dd3c4__019_6_9.png,0.8225849032
impostor,Training__Digital_Persona__Fake__Latex__019_7_0.png__4782f1c6__019_7_0.png,6.5971685358
impostor,Training__Digital_Persona__Fake__Latex__019_7_4.png__11857024__019_7_4.png,0.0
impostor,Training__Digital_Persona__Fake__Latex__019_7_9.png__017104ea__019_7_9.png,7.8010327722
impostor,Training__Digital_Persona__Fake__Latex__019_8_0.png__845a363d__019_8_0.png,0.0
impostor,Training__Digital_Persona__Fake__Latex__019_8_4.png__4c5fd648__019_8_4.png,1.1975111317
impostor,Training__Digital_Persona__Fake__Latex__019_8_9.png__fbdb6dd9__019_8_9.png,0.2699182727
impostor,Training__Digital_Persona__Fake__Latex__019_9_0.png__550c4790__019_9_0.png,2.5149415333
impostor,Training__Digital_Persona__Fake__Latex__019_9_4.png__9da6eff4__019_9_4.png,0.0
impostor,Training__Digital_Persona__Fake__Latex__019_9_9.png__f80ac870__019_9_9.png,1.6814523958
impostor,Training__Digital_Persona__Fake__Woodglue__002_0_0.png__11e466a4__002_0_0.png,129.4115096236
impostor,Training__Digital_Persona__Fake__Woodglue__002_0_4.png__accd0d86__002_0_4.png,99.6668362802
impostor,Training__Digital_Persona__Fake__Woodglue__002_0_5.png__211ff8c6__002_0_5.png,96.6166607761
impostor,Training__Digital_Persona__Fake__Woodglue__002_0_9.png__41cce652__002_0_9.png,111.6150844022
impostor,Training__Digital_Persona__Fake__Woodglue__002_1_0.png__9338f7e0__002_1_0.png,85.4924040122
impostor,Training__Digital_Persona__Fake__Woodglue__002_1_4.png__fa38aa65__002_1_4.png,100.129734315
impostor,Training__Digital_Persona__Fake__Woodglue__002_1_5.png__c09a6aff__002_1_5.png,80.3460741642
impostor,Training__Digital_Persona__Fake__Woodglue__002_1_9.png__8acf41ab__002_1_9.png,61.9830053614
impostor,Training__Digital_Persona__Fake__Woodglue__002_2_0.png__0ad141a2__002_2_0.png,134.7236345429
impostor,Training__Digital_Persona__Fake__Woodglue__002_2_4.png__71d12da3__002_2_4.png,133.7693249646
impostor,Training__Digital_Persona__Fake__Woodglue__002_2_5.png__a7afeae2__002_2_5.png,59.8162309067
impostor,Training__Digital_Persona__Fake__Woodglue__002_2_9.png__83829702__002_2_9.png,66.12417076
impostor,Training__Digital_Persona__Fake__Woodglue__002_3_0.png__6c97f07d__002_3_0.png,22.999552365
impostor,Training__Digital_Persona__Fake__Woodglue__002_3_4.png__1fad0656__002_3_4.png,30.9558592816
impostor,Training__Digital_Persona__Fake__Woodglue__002_3_5.png__49452646__002_3_5.png,9.7917075735
impostor,Training__Digital_Persona__Fake__Woodglue__002_3_9.png__88507a8a__002_3_9.png,30.1420860247
impostor,Training__Digital_Persona__Fake__Woodglue__002_4_0.png__7fa72fe5__002_4_0.png,36.5769069595
impostor,Training__Digital_Persona__Fake__Woodglue__002_4_4.png__ea0bc737__002_4_4.png,16.6222616023
impostor,Training__Digital_Persona__Fake__Woodglue__002_4_5.png__74dfd8da__002_4_5.png,47.5661178824
impostor,Training__Digital_Persona__Fake__Woodglue__002_4_9.png__0d0a679a__002_4_9.png,31.9599282739
impostor,Training__Digital_Persona__Fake__Woodglue__002_5_0.png__5afda92a__002_5_0.png,129.4790224762
impostor,Training__Digital_Persona__Fake__Woodglue__002_5_4.png__8ad1ef47__002_5_4.png,72.5660937033
impostor,Training__Digital_Persona__Fake__Woodglue__002_5_5.png__236e2715__002_5_5.png,65.4333433142
impostor,Training__Digital_Persona__Fake__Woodglue__002_5_9.png__739e26de__002_5_9.png,82.3845299438
impostor,Training__Digital_Persona__Fake__Woodglue__002_6_0.png__a4157d22__002_6_0.png,136.3647119176
impostor,Training__Digital_Persona__Fake__Woodglue__002_6_4.png__6c392471__002_6_4.png,111.1322547075
impostor,Training__Digital_Persona__Fake__Woodglue__002_6_5.png__8c859bb1__002_6_5.png,143.6299853185
impostor,Training__Digital_Persona__Fake__Woodglue__002_6_9.png__167beade__002_6_9.png,118.3882260291
impostor,Training__Digital_Persona__Fake__Woodglue__002_7_0.png__261aa18a__002_7_0.png,72.8261300299
impostor,Training__Digital_Persona__Fake__Woodglue__002_7_4.png__aea9ed5d__002_7_4.png,80.5065573609
impostor,Training__Digital_Persona__Fake__Woodglue__002_7_5.png__76646fb0__002_7_5.png,107.5780431987
impostor,Training__Digital_Persona__Fake__Woodglue__002_7_9.png__78687480__002_7_9.png,83.0974803966
impostor,Training__Digital_Persona__Fake__Woodglue__002_8_0.png__c96f4df5__002_8_0.png,88.1979128247
impostor,Training__Digital_Persona__Fake__Woodglue__002_8_4.png__cdf35382__002_8_4.png,48.7992479421
impostor,Training__Digital_Persona__Fake__Woodglue__002_8_5.png__a40b6204__002_8_5.png,88.6975482212
impostor,Training__Digital_Persona__Fake__Woodglue__002_8_9.png__5618a57d__002_8_9.png,74.7466224827
impostor,Training__Digital_Persona__Fake__Woodglue__002_9_0.png__182ff439__002_9_0.png,101.0024883796
impostor,Training__Digital_Persona__Fake__Woodglue__002_9_4.png__94c198d8__002_9_4.png,55.0686852989
impostor,Training__Digital_Persona__Fake__Woodglue__002_9_5.png__8a5ec4ea__002_9_5.png,90.7810451632
impostor,Training__Digital_Persona__Fake__Woodglue__002_9_9.png__0bfbc649__002_9_9.png,74.2064621655
impostor,Training__Digital_Persona__Fake__Woodglue__003_0_0.png__4cd90520__003_0_0.png,9.8896024642
impostor,Training__Digital_Persona__Fake__Woodglue__003_0_4.png__f75f5a8e__003_0_4.png,5.1632957747
impostor,Training__Digital_Persona__Fake__Woodglue__003_0_9.png__4a6b30ee__003_0_9.png,2.5268442331
impostor,Training__Digital_Persona__Fake__Woodglue__003_1_0.png__ba5f91e8__003_1_0.png,1.7775616622
impostor,Training__Digital_Persona__Fake__Woodglue__003_1_4.png__b009e4d0__003_1_4.png,4.2151438086
impostor,Training__Digital_Persona__Fake__Woodglue__003_1_9.png__c26702a1__003_1_9.png,2.7859874891
impostor,Training__Digital_Persona__Fake__Woodglue__003_2_0.png__a072c2bf__003_2_0.png,3.4763716796
impostor,Training__Digital_Persona__Fake__Woodglue__003_2_4.png__817c7afa__003_2_4.png,13.2104048694
impostor,Training__Digital_Persona__Fake__Woodglue__003_2_9.png__6f8b4d09__003_2_9.png,0.023646027
impostor,Training__Digital_Persona__Fake__Woodglue__003_3_0.png__10a82ea0__003_3_0.png,12.9401423175
impostor,Training__Digital_Persona__Fake__Woodglue__003_3_4.png__7917bedd__003_3_4.png,0.7654931155
impostor,Training__Digital_Persona__Fake__Woodglue__003_3_9.png__7dd77c80__003_3_9.png,2.4467763979
impostor,Training__Digital_Persona__Fake__Woodglue__003_4_0.png__6a24b14f__003_4_0.png,5.8265270487
impostor,Training__Digital_Persona__Fake__Woodglue__003_4_4.png__a62ac55b__003_4_4.png,1.4808706762
impostor,Training__Digital_Persona__Fake__Woodglue__003_4_9.png__89c1f946__003_4_9.png,4.3119874823
impostor,Training__Digital_Persona__Fake__Woodglue__003_5_0.png__5696fdaf__003_5_0.png,16.040474295
impostor,Training__Digital_Persona__Fake__Woodglue__003_5_4.png__52ba2c51__003_5_4.png,7.3625514538
impostor,Training__Digital_Persona__Fake__Woodglue__003_5_9.png__8edccced__003_5_9.png,7.8020543938
impostor,Training__Digital_Persona__Fake__Woodglue__003_6_0.png__2106d697__003_6_0.png,7.805986216
impostor,Training__Digital_Persona__Fake__Woodglue__003_6_4.png__bc9821eb__003_6_4.png,4.0152452006
impostor,Training__Digital_Persona__Fake__Woodglue__003_6_9.png__63ba4791__003_6_9.png,2.7022541983
impostor,Training__Digital_Persona__Fake__Woodglue__003_7_0.png__b2c628a0__003_7_0.png,7.3686962458
impostor,Training__Digital_Persona__Fake__Woodglue__003_7_4.png__10e68863__003_7_4.png,0.0
impostor,Training__Digital_Persona__Fake__Woodglue__003_7_9.png__f210ef51__003_7_9.png,1.7716594972
impostor,Training__Digital_Persona__Fake__Woodglue__003_8_0.png__697a51de__003_8_0.png,11.8253910811
impostor,Training__Digital_Persona__Fake__Woodglue__003_8_4.png__99353373__003_8_4.png,2.846929412
impostor,Training__Digital_Persona__Fake__Woodglue__003_8_9.png__e7d24e3f__003_8_9.png,5.8701425311
impostor,Training__Digital_Persona__Fake__Woodglue__003_9_0.png__b8bd112a__003_9_0.png,0.0
impostor,Training__Digital_Persona__Fake__Woodglue__003_9_4.png__16c79459__003_9_4.png,1.1017345843
impostor,Training__Digital_Persona__Fake__Woodglue__003_9_9.png__c34b3997__003_9_9.png,3.7667970029
impostor,Training__Digital_Persona__Fake__Woodglue__008_0_0.png__bc0d1f26__008_0_0.png,55.4851254031
impostor,Training__Digital_Persona__Fake__Woodglue__008_0_4.png__61636f75__008_0_4.png,37.4925531826
impostor,Training__Digital_Persona__Fake__Woodglue__008_0_9.png__3e92cf3b__008_0_9.png,7.7511805099
impostor,Training__Digital_Persona__Fake__Woodglue__008_1_0.png__ccece086__008_1_0.png,1.4357838713
impostor,Training__Digital_Persona__Fake__Woodglue__008_1_4.png__cb108277__008_1_4.png,8.44445393
impostor,Training__Digital_Persona__Fake__Woodglue__008_1_9.png__7241b67b__008_1_9.png,2.5744578404
impostor,Training__Digital_Persona__Fake__Woodglue__008_2_0.png__374894d8__008_2_0.png,3.3053398077
impostor,Training__Digital_Persona__Fake__Woodglue__008_2_4.png__31a6d6ce__008_2_4.png,2.6208831949
impostor,Training__Digital_Persona__Fake__Woodglue__008_2_9.png__b2261592__008_2_9.png,2.5399132766
impostor,Training__Digital_Persona__Fake__Woodglue__008_3_0.png__49d16507__008_3_0.png,1.9489438446
impostor,Training__Digital_Persona__Fake__Woodglue__008_3_4.png__49f95339__008_3_4.png,0.0
impostor,Training__Digital_Persona__Fake__Woodglue__008_3_9.png__0a0636c5__008_3_9.png,0.8380832256
impostor,Training__Digital_Persona__Fake__Woodglue__008_4_0.png__cce95971__008_4_0.png,6.5645834193
impostor,Training__Digital_Persona__Fake__Woodglue__008_4_4.png__f0b81a23__008_4_4.png,2.8219094093
impostor,Training__Digital_Persona__Fake__Woodglue__008_4_9.png__5650d1a2__008_4_9.png,1.735837047
impostor,Training__Digital_Persona__Fake__Woodglue__008_5_0.png__0ca63f7b__008_5_0.png,129.8535748565
impostor,Training__Digital_Persona__Fake__Woodglue__008_5_4.png__ed91df2b__008_5_4.png,35.4800259879
impostor,Training__Digital_Persona__Fake__Woodglue__008_5_9.png__729e08ad__008_5_9.png,97.9968504938
impostor,Training__Digital_Persona__Fake__Woodglue__008_6_0.png__fecc5050__008_6_0.png,13.3477276175
impostor,Training__Digital_Persona__Fake__Woodglue__008_6_4.png__f80c048e__008_6_4.png,1.1569324702
impostor,Training__Digital_Persona__Fake__Woodglue__008_6_9.png__eb8723be__008_6_9.png,0.1354402261
impostor,Training__Digital_Persona__Fake__Woodglue__008_7_0.png__dd9e443d__008_7_0.png,17.4513536419
impostor,Training__Digital_Persona__Fake__Woodglue__008_7_4.png__e55fcc12__008_7_4.png,9.26501195
impostor,Training__Digital_Persona__Fake__Woodglue__008_7_9.png__a5a7319d__008_7_9.png,13.675702298
impostor,Training__Digital_Persona__Fake__Woodglue__008_8_0.png__32c2b680__008_8_0.png,1.8311847817
impostor,Training__Digital_Persona__Fake__Woodglue__008_8_4.png__03cdbcc7__008_8_4.png,2.5819694894
impostor,Training__Digital_Persona__Fake__Woodglue__008_8_9.png__164faa30__008_8_9.png,2.3029647846
impostor,Training__Digital_Persona__Fake__Woodglue__008_9_0.png__1c2ea10a__008_9_0.png,2.6211063993
impostor,Training__Digital_Persona__Fake__Woodglue__008_9_4.png__2fd9de7b__008_9_4.png,3.156975018
impostor,Training__Digital_Persona__Fake__Woodglue__008_9_9.png__8a755cce__008_9_9.png,4.2090039202
impostor,Training__Digital_Persona__Fake__Woodglue__010_0_0.png__14da76c9__010_0_0.png,39.4425222234
impostor,Training__Digital_Persona__Fake__Woodglue__010_0_4.png__3f2219dd__010_0_4.png,103.0732043807
impostor,Training__Digital_Persona__Fake__Woodglue__010_0_9.png__292e8690__010_0_9.png,77.8337292093
impostor,Training__Digital_Persona__Fake__Woodglue__010_1_0.png__60823e90__010_1_0.png,22.4072045701
impostor,Training__Digital_Persona__Fake__Woodglue__010_1_4.png__153e4ace__010_1_4.png,42.2855595902
impostor,Training__Digital_Persona__Fake__Woodglue__010_1_9.png__e9029ff5__010_1_9.png,46.6147101904
impostor,Training__Digital_Persona__Fake__Woodglue__010_2_0.png__a5763ae8__010_2_0.png,41.470380072
impostor,Training__Digital_Persona__Fake__Woodglue__010_2_4.png__c8f73558__010_2_4.png,40.1855689153
impostor,Training__Digital_Persona__Fake__Woodglue__010_2_9.png__663fc4a4__010_2_9.png,2.8841301131
impostor,Training__Digital_Persona__Fake__Woodglue__010_3_0.png__b2e73d22__010_3_0.png,51.7420535272
impostor,Training__Digital_Persona__Fake__Woodglue__010_3_4.png__a34c8668__010_3_4.png,46.403091299
impostor,Training__Digital_Persona__Fake__Woodglue__010_3_9.png__324154d8__010_3_9.png,7.6050339494
impostor,Training__Digital_Persona__Fake__Woodglue__010_4_0.png__16b2a452__010_4_0.png,0.8866578483
impostor,Training__Digital_Persona__Fake__Woodglue__010_4_4.png__530b28a2__010_4_4.png,8.3803000363
impostor,Training__Digital_Persona__Fake__Woodglue__010_4_9.png__43690a5a__010_4_9.png,0.6015673054
impostor,Training__Digital_Persona__Fake__Woodglue__010_5_0.png__a11abf79__010_5_0.png,30.3033290542
impostor,Training__Digital_Persona__Fake__Woodglue__010_5_4.png__285a8995__010_5_4.png,44.8376750841
impostor,Training__Digital_Persona__Fake__Woodglue__010_5_9.png__312c9eb3__010_5_9.png,15.2143666359
impostor,Training__Digital_Persona__Fake__Woodglue__010_6_0.png__f8a42838__010_6_0.png,48.5281740418
impostor,Training__Digital_Persona__Fake__Woodglue__010_6_4.png__b06923ef__010_6_4.png,33.2540179902
impostor,Training__Digital_Persona__Fake__Woodglue__010_6_9.png__cd3c73ae__010_6_9.png,18.6174063411
impostor,Training__Digital_Persona__Fake__Woodglue__010_7_0.png__4d2e324e__010_7_0.png,37.7197319366
impostor,Training__Digital_Persona__Fake__Woodglue__010_7_4.png__e43606d4__010_7_4.png,61.7821875098
impostor,Training__Digital_Persona__Fake__Woodglue__010_7_9.png__865fe3b2__010_7_9.png,36.7845378946
impostor,Training__Digital_Persona__Fake__Woodglue__010_8_0.png__1730fae0__010_8_0.png,1.276222247
impostor,Training__Digital_Persona__Fake__Woodglue__010_8_4.png__e9e28b28__010_8_4.png,5.1654597037
impostor,Training__Digital_Persona__Fake__Woodglue__010_8_9.png__1293be7b__010_8_9.png,1.8619888859
impostor,Training__Digital_Persona__Fake__Woodglue__010_9_0.png__2d9c7c51__010_9_0.png,5.9496714413
impostor,Training__Digital_Persona__Fake__Woodglue__010_9_4.png__688c8b6b__010_9_4.png,1.7125798836
impostor,Training__Digital_Persona__Fake__Woodglue__010_9_9.png__465d30e3__010_9_9.png,2.3195565279
impostor,Training__Digital_Persona__Fake__Woodglue__012_0_0.png__8c51c49b__012_0_0.png,16.5408812373
impostor,Training__Digital_Persona__Fake__Woodglue__012_0_4.png__0fc6e5b6__012_0_4.png,45.1852786841
impostor,Training__Digital_Persona__Fake__Woodglue__012_0_9.png__47fb8f7a__012_0_9.png,24.5561651099
impostor,Training__Digital_Persona__Fake__Woodglue__012_1_0.png__c30f0eaf__012_1_0.png,1.3990595385
impostor,Training__Digital_Persona__Fake__Woodglue__012_1_4.png__529c8658__012_1_4.png,14.8567487873
impostor,Training__Digital_Persona__Fake__Woodglue__012_1_9.png__31d41afe__012_1_9.png,20.1212783913
impostor,Training__Digital_Persona__Fake__Woodglue__012_2_0.png__2ae05a6f__012_2_0.png,10.0818331153
impostor,Training__Digital_Persona__Fake__Woodglue__012_2_4.png__54c22ec1__012_2_4.png,35.8982723665
impostor,Training__Digital_Persona__Fake__Woodglue__012_2_9.png__c6d80fc0__012_2_9.png,65.5322962314
impostor,Training__Digital_Persona__Fake__Woodglue__012_3_0.png__6c48c224__012_3_0.png,51.5541459805
impostor,Training__Digital_Persona__Fake__Woodglue__012_3_4.png__e3bea552__012_3_4.png,51.2891572878
impostor,Training__Digital_Persona__Fake__Woodglue__012_3_9.png__b57ec6c0__012_3_9.png,41.5428271403
impostor,Training__Digital_Persona__Fake__Woodglue__012_4_0.png__fcc859b4__012_4_0.png,52.3911471231
impostor,Training__Digital_Persona__Fake__Woodglue__012_4_4.png__deb7bfce__012_4_4.png,39.9184896315
impostor,Training__Digital_Persona__Fake__Woodglue__012_4_9.png__eb7af8d3__012_4_9.png,34.7177803276
impostor,Training__Digital_Persona__Fake__Woodglue__012_5_0.png__1b5ed9e1__012_5_0.png,53.8385999567
impostor,Training__Digital_Persona__Fake__Woodglue__012_5_4.png__98fea59f__012_5_4.png,99.7978207554
impostor,Training__Digital_Persona__Fake__Woodglue__012_5_9.png__bdb64c0a__012_5_9.png,90.3247633868
impostor,Training__Digital_Persona__Fake__Woodglue__012_6_0.png__53d67292__012_6_0.png,35.363750865
impostor,Training__Digital_Persona__Fake__Woodglue__012_6_4.png__a6b9f44a__012_6_4.png,69.2739416396
impostor,Training__Digital_Persona__Fake__Woodglue__012_6_9.png__d4d11394__012_6_9.png,32.353140253
impostor,Training__Digital_Persona__Fake__Woodglue__012_7_0.png__1ebb24da__012_7_0.png,88.9161397298
impostor,Training__Digital_Persona__Fake__Woodglue__012_7_4.png__9815e605__012_7_4.png,99.5307962569
impostor,Training__Digital_Persona__Fake__Woodglue__012_7_9.png__f9b9fd02__012_7_9.png,66.1899906426
impostor,Training__Digital_Persona__Fake__Woodglue__012_8_0.png__ea874de3__012_8_0.png,5.9060630715
impostor,Training__Digital_Persona__Fake__Woodglue__012_8_4.png__ea25ecc8__012_8_4.png,49.7674265754
impostor,Training__Digital_Persona__Fake__Woodglue__012_8_9.png__e32f1f65__012_8_9.png,46.4606874725
impostor,Training__Digital_Persona__Fake__Woodglue__012_9_0.png__4d234746__012_9_0.png,6.4022522538
impostor,Training__Digital_Persona__Fake__Woodglue__012_9_4.png__ddbf4631__012_9_4.png,53.7580731393
impostor,Training__Digital_Persona__Fake__Woodglue__012_9_9.png__f70a5490__012_9_9.png,28.524545283
impostor,Training__Digital_Persona__Fake__Woodglue__014_0_0.png__75f51b49__014_0_0.png,191.9594135492
impostor,Training__Digital_Persona__Fake__Woodglue__014_0_4.png__2254a6c8__014_0_4.png,150.2323593575
impostor,Training__Digital_Persona__Fake__Woodglue__014_0_9.png__02cb794d__014_0_9.png,101.2406409162
impostor,Training__Digital_Persona__Fake__Woodglue__014_1_0.png__7e9f430b__014_1_0.png,17.0514877235
impostor,Training__Digital_Persona__Fake__Woodglue__014_1_4.png__24f407f2__014_1_4.png,52.4924602686
impostor,Training__Digital_Persona__Fake__Woodglue__014_1_9.png__c5fcffde__014_1_9.png,40.1295884478
impostor,Training__Digital_Persona__Fake__Woodglue__014_2_0.png__bb492418__014_2_0.png,8.9147228585
impostor,Training__Digital_Persona__Fake__Woodglue__014_2_4.png__48067a73__014_2_4.png,41.5849624353
impostor,Training__Digital_Persona__Fake__Woodglue__014_2_9.png__36884850__014_2_9.png,12.4034607042
impostor,Training__Digital_Persona__Fake__Woodglue__014_3_0.png__0176a727__014_3_0.png,16.9814524391
impostor,Training__Digital_Persona__Fake__Woodglue__014_3_4.png__c29e1db3__014_3_4.png,6.0568425739
impostor,Training__Digital_Persona__Fake__Woodglue__014_3_9.png__d0806def__014_3_9.png,4.7378027636
impostor,Training__Digital_Persona__Fake__Woodglue__014_4_0.png__ce33be0e__014_4_0.png,31.7772824987
impostor,Training__Digital_Persona__Fake__Woodglue__014_4_4.png__499e0f30__014_4_4.png,18.8342897557
impostor,Training__Digital_Persona__Fake__Woodglue__014_4_9.png__91c82250__014_4_9.png,29.3705720234
impostor,Training__Digital_Persona__Fake__Woodglue__014_5_0.png__ed63c51a__014_5_0.png,84.46556523
impostor,Training__Digital_Persona__Fake__Woodglue__014_5_4.png__c32f86a9__014_5_4.png,71.4594514985
impostor,Training__Digital_Persona__Fake__Woodglue__014_5_9.png__0de1c194__014_5_9.png,49.6679355311
impostor,Training__Digital_Persona__Fake__Woodglue__014_6_0.png__b4cada13__014_6_0.png,30.5665048497
impostor,Training__Digital_Persona__Fake__Woodglue__014_6_4.png__10ce9cfb__014_6_4.png,18.6401802937
impostor,Training__Digital_Persona__Fake__Woodglue__014_6_9.png__7a9b093b__014_6_9.png,30.9456772575
impostor,Training__Digital_Persona__Fake__Woodglue__014_7_0.png__e6af1d3b__014_7_0.png,2.7137840311
impostor,Training__Digital_Persona__Fake__Woodglue__014_7_4.png__2dbce24a__014_7_4.png,6.8188197321
impostor,Training__Digital_Persona__Fake__Woodglue__014_7_9.png__5eb98f4a__014_7_9.png,1.3010387951
impostor,Training__Digital_Persona__Fake__Woodglue__014_8_0.png__aeada280__014_8_0.png,12.3792917686
impostor,Training__Digital_Persona__Fake__Woodglue__014_8_4.png__33eaa2e3__014_8_4.png,8.6770004373
impostor,Training__Digital_Persona__Fake__Woodglue__014_8_9.png__3cb9cbe1__014_8_9.png,3.1182116046
impostor,Training__Digital_Persona__Fake__Woodglue__014_9_0.png__ca5d742e__014_9_0.png,21.8868661242
impostor,Training__Digital_Persona__Fake__Woodglue__014_9_4.png__e9a3232c__014_9_4.png,48.4181778984
impostor,Training__Digital_Persona__Fake__Woodglue__014_9_9.png__2e4408ed__014_9_9.png,55.2631048552
impostor,Training__Digital_Persona__Fake__Woodglue__019_0_0.png__e2e44ee8__019_0_0.png,73.8138628214
impostor,Training__Digital_Persona__Fake__Woodglue__019_0_4.png__0d35cb5b__019_0_4.png,61.0463188763
impostor,Training__Digital_Persona__Fake__Woodglue__019_0_9.png__b27fcba1__019_0_9.png,69.6289602053
impostor,Training__Digital_Persona__Fake__Woodglue__019_1_0.png__ea103225__019_1_0.png,121.9644098607
impostor,Training__Digital_Persona__Fake__Woodglue__019_1_4.png__b06c1a2e__019_1_4.png,107.4298489268
impostor,Training__Digital_Persona__Fake__Woodglue__019_1_9.png__0bb66303__019_1_9.png,111.1499924187
impostor,Training__Digital_Persona__Fake__Woodglue__019_2_0.png__0f63b8a9__019_2_0.png,52.7688605388
impostor,Training__Digital_Persona__Fake__Woodglue__019_2_4.png__b9b85467__019_2_4.png,99.8916552323
impostor,Training__Digital_Persona__Fake__Woodglue__019_2_9.png__e2786977__019_2_9.png,80.9317546235
impostor,Training__Digital_Persona__Fake__Woodglue__019_3_0.png__29d95a01__019_3_0.png,49.2181720321
impostor,Training__Digital_Persona__Fake__Woodglue__019_3_4.png__1282afac__019_3_4.png,27.8299345585
impostor,Training__Digital_Persona__Fake__Woodglue__019_3_9.png__470e40a8__019_3_9.png,28.627762184
impostor,Training__Digital_Persona__Fake__Woodglue__019_4_0.png__2cd83b70__019_4_0.png,4.9959032987
impostor,Training__Digital_Persona__Fake__Woodglue__019_4_4.png__ff4b1f82__019_4_4.png,3.7373618697
impostor,Training__Digital_Persona__Fake__Woodglue__019_4_9.png__52f93197__019_4_9.png,17.3076003903
impostor,Training__Digital_Persona__Fake__Woodglue__019_5_0.png__a5b05ad9__019_5_0.png,52.0755005768
impostor,Training__Digital_Persona__Fake__Woodglue__019_5_4.png__aa1a8314__019_5_4.png,84.4985667294
impostor,Training__Digital_Persona__Fake__Woodglue__019_5_9.png__f81f5d76__019_5_9.png,66.5857889789
impostor,Training__Digital_Persona__Fake__Woodglue__019_6_0.png__5dd27478__019_6_0.png,71.2716286174
impostor,Training__Digital_Persona__Fake__Woodglue__019_6_4.png__106b195f__019_6_4.png,69.7859096957
impostor,Training__Digital_Persona__Fake__Woodglue__019_6_9.png__acf65e94__019_6_9.png,48.7217806346
impostor,Training__Digital_Persona__Fake__Woodglue__019_7_0.png__ccf12911__019_7_0.png,15.6488219099
impostor,Training__Digital_Persona__Fake__Woodglue__019_7_4.png__de52bacd__019_7_4.png,17.176283173
impostor,Training__Digital_Persona__Fake__Woodglue__019_7_9.png__2be63913__019_7_9.png,8.0898160647
impostor,Training__Digital_Persona__Fake__Woodglue__019_8_0.png__0e9bde35__019_8_0.png,1.1720123333
impostor,Training__Digital_Persona__Fake__Woodglue__019_8_4.png__4d42434d__019_8_4.png,2.7856834116
impostor,Training__Digital_Persona__Fake__Woodglue__019_8_9.png__68a59552__019_8_9.png,2.828207572
impostor,Training__Digital_Persona__Fake__Woodglue__019_9_0.png__0d9296a3__019_9_0.png,2.2872768221
impostor,Training__Digital_Persona__Fake__Woodglue__019_9_4.png__f65081f9__019_9_4.png,9.7702854606
impostor,Training__Digital_Persona__Fake__Woodglue__019_9_9.png__dbca2b18__019_9_9.png,9.8599553758
